"㐱","5","䂦","5","䝩","7","䪾","9","參","6","抮","3","昣","4","曑","12","殄","4","沴","3","珍","4","畛","5","疹","5","眕","5","紾","6","翏","6","聄","6","胗","6","袗","5","診","7","诊","2","趁","7","軫","7","轸","4","鉁","8","飻","8","駗","10","𠃩","2","𠱉","3","𠻝","9","𡛧","3","𡣏","12","𢌝","2","𣭕","4","𤀍","11","𤇪","4","𤙁","4","𥘼","4","𥨡","13","𦍪","6","𦥋","5","𦭏","3","𨱅","5","𩬖","10","𩷲","13","𪐲","12"
"丌","3","㚦","3","䢋","3","䭶","10","亓","1","畀","5","畁","5","腗","11","顨","18","𡞑","8","𢿯","8","𣍠","4","𤲦","10","𥟗","10","𥾎","6","𧟦","6","𨉅","10","𩔅","6"
"丏","4","䞛","7","沔","3","眄","5","髩","10","麪","11","𡝏","6","𡧍","3","𢗔","3","𣏜","4","𣴩","6","𥤵","5","𥸴","6","𥾝","6","𦬛","3","𧉄","6","𧶎","3","𨟺","7","𩉣","9","𩕽","3","𩾳","11"
"丩","2","㧃","3","㸨","4","㺩","4","㽱","5","䡂","7","䤛","8","叫","3","嘂","6","朻","4","糾","6","纠","3","虯","6","觓","7","訆","7","赳","7","鼼","14","","6","𢀙","3","𢒥","11","𤜟","3","𥃧","5","𥘊","4","𦫶","3","𧆢","8","𧆮","9","𧌟","6","𨳟","8","𨴉","9"
"丿","1","㠶","3","㻄","4","䧭","2","乒","5","寕","4","少","3","幷","1","氕","4","炿","4","舧","6","鎫","8","閁","8","靣","1","","4","","4","","1","𠂍","1","𠂚","4","𠄛","4","𠇓","2","𠌞","2","𠍸","2","𠒍","6","𠓮","3","𠖧","3","𠗎","2","𠘦","2","𠣐","4","𠤎","1","𠩄","3","𠩯","4","𠫱","4","𠰗","3","𠰨","5","𠴯","3","𠴿","3","𡅴","11","𡉢","1","𡌨","10","𡐬","8","𡒏","11","𡖭","6","𡜞","3","𡢛","3","𡥇","2","𡨘","3","𡯃","3","𡰹","3","𡿦","4","𢁏","7","𢂨","3","𢂬","5","𢄰","3","𢆾","1","𢎨","4","𢎱","5","𢐝","10","𢐩","9","𢑗","3","𢑡","3","𢔾","3","𢦕","4","𢪺","3","𢫢","3","𢭣","3","𢮆","10","𢰛","3","𢽛","7","𣄭","5","𣑟","7","𣓡","4","𣗨","8","𣧒","7","𣳛","3","𣶧","7","𣹀","6","𤃕","6","𤉝","7","𤋡","4","𤚞","4","𤧯","4","𤴮","5","𤵮","5","𤽪","5","𥃶","5","𥑚","5","𥓓","12","𥔝","5","𥟑","12","𥟯","5","𥟰","5","𥠗","5","𥢰","5","𥥜","5","𥧘","6","𥨩","5","𥨫","5","𥩎","22","𥪄","8","𥪎","10","𥺛","11","𥼟","6","𥾔","8","𥿈","6","𥿙","6","𦈤","6","𦐷","6","𦕮","6","𦖶","6","𦗰","10","𦜉","13","𦢕","6","𦨊","6","𦨸","6","𦬐","3","𦭞","3","𦭾","3","𦱼","5","𦲩","3","𧋚","6","𧌝","7","𧑄","6","𧔗","14","𧚎","5","𧤬","7","𧥬","7","𧦎","7","𧦶","7","𧦻","7","𧲶","7","𧻽","7","𧾶","21","𨉄","7","𨌦","14","𨏇","4","𨓱","3","𨔹","7","𨕶","3","𨖼","3","𨙑","3","𨡞","8","𨤟","7","𨱩","7","𨱳","7","𨸴","2","𨹤","2","𨻦","5","𩊤","9","𩗝","9","𩚿","8","𩡬","10","𩢁","6","𩢚","10","𩣛","10","𩨶","9","𩩙","16","𩯙","10","𩻴","11","𪄍","9"
"乃","2","㑺","10","㝦","11","㞧","3","㩗","14","㭁","4","㲌","4","䄧","5","䚮","7","䯮","10","仍","2","垜","3","奶","3","屷","3","扔","3","挅","3","携","11","氖","4","疓","5","礽","4","秀","5","艿","3","辸","3","釢","8","隽","8","𠂫","4","𠂱","6","𠛘","3","𠮨","3","𠯷","3","𡉁","3","𡦺","3","𡧿","3","𡩍","3","𡻎","11","𢖱","3","𢘏","6","𢝼","3","𣅅","4","𣋭","15","𣐟","3","𣕼","7","𣤃","11","𣫉","14","𣱽","3","𣲸","6","𤆈","4","𤜠","3","𥙯","4","𥚁","4","𥚣","4","𥟄","10","𥾋","6","𥿰","6","𦙕","8","𦞾","12","𦨋","6","𧁅","3","𧈣","6","𧘌","5","𧤢","14","𧤪","15","𧥅","18","𨢠","10","𨨍","14","𨭽","19","𨸐","2","𨹃","2","𩀟","16","𩺫","19","𩾖","11","𪐹","15"
"乇","3","㡯","3","䅊","8","䨋","8","仛","2","侂","5","厇","2","吒","3","圫","3","奼","3","宅","3","托","3","杔","4","汑","3","灹","4","矺","5","秅","5","籷","6","虴","6","託","7","讬","2","飥","8","饦","3","馲","10","魠","11","𡊾","6","𡧪","6","𡨉","7","𢖲","3","𢩷","4","𢫅","3","𣅒","4","𣧃","4","𣳥","6","𤍡","4","𤜤","3","𤣯","4","𤰦","5","𤴱","5","𥁩","3","𥝾","7","𦘴","6","𦨎","6","𦬃","3","𧘐","5","𧧉","10","𧯝","7","𧲢","7","𩨛","9","𪌂","11","𪐞","12"
"亏","3","㠋","12","㢪","3","㺮","4","䊸","6","䔢","11","咢","6","圬","3","夸","3","扝","3","杇","4","污","3","疞","5","肟","4","芌","3","蕚","12","虧","14","迃","3","釫","8","雩","8","","10","𠣻","7","𠮱","3","𠮲","3","𡚯","3","𡟂","9","𡩭","10","𡶹","6","𡹱","9","𡹻","8","𡼑","12","𡼙","12","𡾀","14","𢁢","3","𢇡","3","𢗃","3","𢘢","2","𢣧","14","𣅘","4","𣅙","4","𣋮","15","𣧁","4","𣪔","4","𣽺","12","𤂥","15","𤆏","4","𤷷","5","𥃳","5","𥅎","7","𥏦","10","𥏴","12","𥏼","13","𥏾","13","𥝜","5","𦈣","6","𦏻","6","𦕞","8","𦯟","7","𦲰","8","𧆜","6","𧈃","14","𧈯","6","𧘎","6","𧘚","5","𧨄","10","𨈲","9","𨑛","7","𨚤","2","𨡖","7","𨢰","15","𨬱","17","𩉞","9","𩨗","9"
"亘","6","䚙","7","䱎","11","咺","3","垣","3","姮","3","宣","3","峘","3","恒","3","晅","4","桓","4","洹","3","烜","4","狟","3","絙","6","荁","3","貆","7","𠈗","2","𠖑","4","𠠊","10","𠣙","2","𡘍","3","𡱌","3","𢂡","3","𢬎","3","𤌓","4","𥅨","5","𥥣","5","𥹚","6","𦍼","6","𦚸","4","𧊳","6","𧱂","7","𧻚","7","𩍻","10","𩎨","9","𩫡","14","𩰵","10","𩺏","11","𪊥","11"
"亠","2","㬌","4","㮄","4","峕","3","懐","3","湾","3","綂","6","𠆼","2","𠊓","2","𠋃","2","𠋩","2","𠎂","2","𠐜","2","𠘘","2","𠣐","2","𠴽","3","𠸈","7","𡅓","3","𡕌","11","𡘐","3","𡜑","4","𡧵","3","𡮢","8","𡸝","3","𡹕","3","𡺒","5","𡻫","3","𡼺","3","𢆏","4","𢏸","3","𢔚","3","𢕒","3","𢕛","5","𢜚","3","𢤴","11","𢪴","3","𢫾","3","𢮔","3","𢮯","3","𢰜","3","𢱊","3","𣄷","4","𣅂","4","𣅹","4","𣌪","4","𣕛","4","𣟐","4","𣣩","3","𣰓","7","𣳍","3","𣵉","3","𣶑","3","𣶢","3","𣹾","3","𣺓","3","𣼅","3","𣼆","3","𣼠","3","𣽘","3","𣿱","3","𤀮","3","𤅭","3","𤅻","3","𤈅","4","𤋋","4","𤗒","4","𤙫","4","𤚒","4","𤚮","4","𤜀","4","𤶓","5","𥅷","4","𥈘","5","𥎥","5","𥓯","5","𥕩","9","𥞞","5","𥟵","7","𥾼","6","𦁙","6","𦂠","6","𦆌","6","𦜶","6","𦟨","6","𦯇","3","𦱘","3","𦻫","3","𧍐","6","𧐛","6","𧚕","5","𧚢","5","𧜰","5","𧣿","7","𧤚","7","𧦣","7","𧧣","7","𧩂","7","𧩽","7","𧭫","7","𧵾","7","𨅩","13","𨍡","7","𨎙","7","𨎡","7","𨎱","7","𨏛","7","𨏸","7","𨗍","3","𨘛","3","𨘰","3","𨘿","3","𨝣","2","𨠪","7","𨡤","7","𨣑","7","𨣳","7","𨦤","8","𨩾","11","𨪟","8","𨪡","8","𨪴","12","𨫚","8","𨬨","8","𩡥","9","𩤐","10","𩤑","10","𩥤","10","𩦆","10","𩶞","11","𩺽","11","𪋔","11","𪒌","12"
"亶","13","㣶","3","䁴","5","䃪","5","䄠","4","䆄","5","䕊","3","䡀","7","儃","2","壇","3","嬗","3","憻","3","擅","3","檀","4","氊","4","澶","3","璮","4","繵","6","羶","6","膻","6","蟺","6","襢","5","譠","7","邅","3","饘","8","驙","10","鱣","11","鳣","8","𠆞","8","𠘐","2","𠿞","3","𡅹","11","𡆎","12","𢅒","3","𢋃","3","𢐹","3","𢷆","3","𣋊","4","𤢏","3","𤺺","5","𥼷","6","𧾍","7","𨣚","7","𨭖","8","𨲵","7","𨲷","8","𩉊","9","𩍕","9","𩯤","10","𩽱","11","𪙵","15"
"亻","2","㐺","2","㝛","3","夜","2","旓","4","鴈","2","𠝦","3","𡈖","9","𡪢","3","𡱚","3","𡸝","5","𢇯","3","𢈄","3","𢉔","3","𢕇","3","𢰑","3","𢴀","6","𢻺","2","𣅛","2","𣏘","4","𣒦","4","𣥰","4","𣴾","3","𣶜","3","𣺢","3","𣼞","3","𣿾","3","𤃙","3","𤖿","4","𤝦","3","𤝧","3","𤹑","5","𤻉","5","𥆉","5","𦄱","6","𦄲","9","𦆬","9","𦫻","3","𦬳","3","𦮩","3","𦯐","3","𦯣","3","𦯱","3","𦲮","3","𦲴","3","𦵋","3","𦹿","3","𦺭","3","𦽝","3","𧀸","3","𧂶","6","𧗞","6","𧗡","7","𨓵","3","𨔃","3","𨔮","3","𨕩","3","𨕼","7","𨫖","8","𨴟","12","𨴧","8","𨴳","8","𩌎","9","𩌻","9","𩢇","10","𩳇","9","𪍞","11","𪔶","13","𪘠","15"
"亼","3","㵸","3","倹","2","検","4","険","2","験","10","鹸","11","𠖸","2","𠝀","3","𡖗","6","𢰖","3","𢹕","6","𣄅","4","𣫨","11","𤐯","4","𤸐","5","𤺠","5","𤻰","11","𥃟","11","𥌉","5","𥜫","4","𦅩","6","𦿈","3","𧪺","7","𧭆","7","𨉅","7","𨍚","7","𨗤","3","𨡡","12","𨼶","2","𨽭","2","𩤼","10","𩥾","10","𩹑","11"
"冋","5","㢠","2","㺾","4","䌹","3","喬","7","坰","3","尙","3","扃","4","槗","9","泂","3","炯","4","絅","6","苘","3","詗","7","诇","2","迥","3","駉","10","𠇶","2","𠕧","8","𠖷","2","𠨄","7","𠳮","5","𡒼","6","𡔮","3","𡢠","11","𡶝","3","𢄗","8","𢇺","3","𢱪","8","𢾠","4","𣅻","4","𣐒","4","𤏕","3","𤠬","8","𤾘","10","𥑎","5","𥛒","9","𥦮","8","𦃣","11","𦑽","5","𦳖","6","𧤦","12","𧺸","7","𧾫","18","𨎄","12","𨓺","6","𨢗","12","𨥽","8","𨴀","8","𨺷","6","𨻠","7","𩌚","14","𩚱","8","𩫌","10","𩺙","16","𪄘","5","𪕍","13"
"冖","2","㚃","3","㚄","3","㨌","3","䑝","6","䒄","6","䒮","3","䒯","3","䒿","3","䓨","3","䓻","3","䶑","17","劳","3","叠","6","唠","6","坈","3","壱","3","売","3","壶","3","壸","3","壹","3","壼","3","崂","6","嵘","6","彙","3","彚","3","恽","3","挥","3","捞","6","斚","4","斝","6","曡","12","槖","3","欎","12","毂","3","沉","3","濲","6","牵","3","疊","15","臺","6","茔","3","茕","3","荣","3","荤","3","荥","3","荦","3","荧","3","莹","3","莺","3","萤","3","营","3","萦","3","蒏","3","蓥","3","蝾","9","蠧","3","诨","2","驝","13","鬰","12","鬱","14","鷪","10","","1","","5","","8","","3","","2","𠆃","8","𠐑","4","𠑛","11","𠒽","6","𠟗","3","𠢮","5","𠢸","12","𠤟","6","𠤥","5","𠫦","2","𠬂","4","𠭈","5","𡁥","10","𡁲","6","𡄜","3","𡆋","15","𡊬","3","𡋭","5","𡌝","3","𡌬","6","𡐄","10","𡐉","6","𡐬","6","𡑚","3","𡒩","3","𡔩","3","𡔪","3","𡔫","3","𡔱","3","𡔴","3","𡔵","3","𡔸","3","𡔹","3","𡔺","3","𡔼","6","𡕄","3","𡕅","3","𡕉","6","𡕊","6","𡕎","3","𡖴","3","𡜈","3","𡨊","6","𡴄","3","𡶮","3","𡹨","7","𢂇","3","𢃄","5","𢅍","3","𢆇","16","𢑦","3","𢑷","3","𢒳","4","𢒻","12","𢕨","8","𢢢","3","𢣞","3","𢧣","3","𢪚","3","𢭨","3","𢮺","6","𢲄","8","𢷌","6","𢺱","13","𢽑","2","𣁩","12","𣁪","14","𣃟","3","𣆹","4","𣈎","4","𣉰","4","𣎤","4","𣑪","4","𣒆","7","𣓷","3","𣗦","7","𣘑","4","𣙲","3","𣚯","3","𣜺","8","𣝔","7","𣝪","8","𣠈","12","𣠧","16","𣠫","12","𣠵","11","𣡑","15","𣡜","12","𣡟","19","𣡡","14","𣡱","11","𣣿","3","𣨑","3","𣩉","3","𣩾","12","𣪒","3","𣪛","3","𣪝","3","𣪨","3","𣪬","3","𣪸","3","𣫀","3","𣫃","3","𣫅","3","𣫈","3","𣫉","3","𣫗","3","𣰸","15","𣱁","16","𣳞","3","𣴄","3","𣴦","3","𣸦","3","𣸨","6","𣻉","8","𤂁","12","𤃿","11","𤇛","4","𤇾","8","𤋚","7","𤌫","7","𤐥","11","𤑋","12","𤓄","8","𤓥","12","𤙋","3","𤜕","3","𤢧","3","𤤚","4","𤨍","8","𤨻","3","𤴉","22","𤴺","5","𤶢","5","𤾜","10","𥋁","10","𥋡","10","𥎢","9","𥑟","3","𥖥","11","𥖯","12","𥜏","8","𥢉","3","𥾚","6","𥿒","6","𦄨","9","𦇍","9","𦉠","14","𦉤","12","𦊳","5","𦐲","6","𦐳","4","𦑿","6","𦤼","3","𦥂","6","𦬪","3","𦭂","3","𦭨","3","𦭬","3","𦮜","3","𦲋","3","𦴇","6","𦴌","3","𦴎","3","𦷾","8","𦻩","3","𦼖","3","𦾉","3","𦾫","6","𧀶","6","𧁎","7","𧇅","8","𧎅","3","𧒳","6","𧓜","9","𧛁","6","𧞒","3","𧞹","3","𧞺","3","𧣬","7","𧰺","3","𧴢","17","𧷨","5","𨏡","10","𨘚","12","𨬨","12","𨺐","6","𩏮","12","𩏴","14","𩏻","3","𩠮","9","𩠰","9","𩥟","13","𩬒","10","𩰩","11","𩺌","16","𪃟","3","𪆑","3","𪇂","3","𪑎","12","𪓤","6"
"冘","4","㓄","11","㕪","3","㶩","4","㼉","5","㽎","9","㽸","5","䏙","6","䒞","3","妉","3","帎","3","忱","3","抌","3","枕","4","沈","3","眈","5","紞","6","耽","6","衴","5","訦","7","躭","7","酖","7","醓","7","鈂","8","馾","10","髧","10","魫","11","黆","12","黕","12","𠆶","2","𡖓","6","𢇧","3","𣅟","4","𣜣","13","𤘣","4","𤜴","3","𥁺","4","𥁻","4","𥑀","5","𥝴","5","𥤷","5","𦥟","6","𧊼","6","𧖺","4","𧣁","7","𧴸","7","𧺟","7","𨋄","7","𨑻","3","𩈉","9","𩨥","9","𪔽","13"
"刂","2","㓚","3","㓝","4","㓟","5","㓠","5","㓡","6","㓢","6","㓣","6","㓤","6","㓥","6","㓦","6","㓧","7","㓨","7","㓩","7","㓫","7","㓬","8","㓭","9","㓮","8","㓯","8","㓰","8","㓱","9","㓲","9","㓳","9","㓴","9","㓵","9","㓶","9","㓷","10","㓹","10","㓺","10","㓻","10","㓼","11","㓽","11","㓾","12","㓿","12","㔀","12","㔁","12","㔂","12","㔄","12","㔅","13","㔆","12","㔇","12","㔈","11","㔉","12","㔊","13","㔋","14","㔌","14","㔍","14","㔏","15","㔒","18","㴊","9","㶜","21","㺫","4","䖌","8","䚯","7","䥷","22","䵞","12","侴","7","刈","2","刉","3","刊","3","刋","3","刌","3","刎","4","刏","4","刐","4","刑","4","划","4","刓","4","刔","4","刖","4","列","4","刘","4","则","4","刚","4","创","4","刜","5","刞","5","刟","5","刡","5","刢","5","刣","5","判","5","別","5","刦","5","刨","5","利","5","刪","5","别","5","刬","5","刯","6","到","6","刲","6","刳","6","刴","6","刵","6","刺","6","刻","6","刽","6","刾","6","刿","6","剀","6","剁","6","剂","6","剃","7","剄","7","剅","7","則","7","剈","7","剉","7","削","7","剋","7","剌","7","剐","7","剑","7","剒","8","剔","8","剕","8","剖","8","剗","8","剘","8","剚","8","剛","8","剜","8","剝","8","剞","8","剟","8","剠","8","剡","8","剢","8","剤","8","剥","8","剦","8","剧","8","剨","9","剩","10","剫","9","剬","9","剭","9","剮","8","副","9","剰","9","割","10","剳","9","剴","10","創","10","剶","9","剷","11","剸","11","剹","11","剻","11","剼","11","剽","11","剾","11","剿","11","劀","12","劁","12","劂","12","劃","12","劄","12","劅","13","劆","13","劇","13","劊","13","劋","13","劌","13","劍","13","劏","13","劐","13","劑","14","劓","14","劕","15","劖","17","劗","19","劘","19","劙","21","劚","21","渆","9","渕","9","灲","4","煭","7","矵","5","葪","10","蒯","11","蓟","11","蠫","7","釗","8","钊","5","魝","11","","7","𠊏","8","𠊖","8","𠋙","9","𠗗","7","𠚥","2","𠚧","2","𠚩","2","𠚫","2","𠚭","3","𠚯","3","𠚰","3","𠚳","3","𠚴","3","𠚵","3","𠚶","3","𠚷","4","𠚸","4","𠚹","4","𠚺","4","𠚻","3","𠚼","4","𠚽","4","𠚾","4","𠚿","4","𠛀","4","𠛁","4","𠛂","4","𠛄","4","𠛅","4","𠛆","5","𠛉","4","𠛊","4","𠛋","4","𠛌","4","𠛍","4","𠛎","5","𠛏","5","𠛐","5","𠛑","5","𠛒","5","𠛓","5","𠛕","5","𠛗","5","𠛘","5","𠛙","5","𠛚","5","𠛛","5","𠛜","5","𠛟","5","𠛠","5","𠛡","5","𠛢","5","𠛣","5","𠛥","5","𠛦","5","𠛧","6","𠛨","6","𠛩","6","𠛪","6","𠛫","6","𠛬","6","𠛭","6","𠛮","6","𠛯","6","𠛰","5","𠛱","6","𠛴","6","𠛵","6","𠛶","6","𠛷","6","𠛻","6","𠛼","6","𠛾","6","𠛿","6","𠜀","6","𠜁","6","𠜃","6","𠜄","6","𠜅","6","𠜆","6","𠜈","6","𠜉","6","𠜋","6","𠜍","6","𠜎","6","𠜏","6","𠜑","7","𠜒","7","𠜔","7","𠜗","7","𠜙","7","𠜚","7","𠜛","7","𠜝","7","𠜟","7","𠜠","7","𠜢","7","𠜩","7","𠜮","7","𠜯","7","𠜱","8","𠜲","8","𠜳","8","𠜴","8","𠜶","8","𠜸","8","𠜹","8","𠜺","8","𠜻","8","𠜼","8","𠜽","8","𠜾","8","𠜿","8","𠝀","8","𠝁","8","𠝃","8","𠝆","8","𠝇","8","𠝍","8","𠝐","7","𠝒","8","𠝓","8","𠝘","8","𠝙","8","𠝛","8","𠝜","8","𠝝","9","𠝞","9","𠝟","8","𠝡","9","𠝢","9","𠝣","10","𠝤","9","𠝥","9","𠝦","9","𠝩","9","𠝪","8","𠝫","9","𠝬","9","𠝭","9","𠝲","9","𠝳","9","𠝴","9","𠝶","8","𠝹","9","𠝺","9","𠝻","9","𠝾","9","𠞀","10","𠞁","9","𠞂","10","𠞃","10","𠞄","10","𠞅","10","𠞆","10","𠞇","10","𠞉","10","𠞊","10","𠞍","10","𠞎","10","𠞏","10","𠞓","10","𠞔","10","𠞖","10","𠞗","10","𠞙","10","𠞚","10","𠞛","10","𠞜","10","𠞝","9","𠞞","10","𠞟","10","𠞡","9","𠞢","10","𠞣","10","𠞤","10","𠞥","11","𠞦","10","𠞨","11","𠞩","11","𠞬","11","𠞭","11","𠞮","11","𠞯","11","𠞱","11","𠞳","14","𠞶","11","𠞸","11","𠞹","11","𠞼","11","𠞿","11","𠟁","11","𠟂","12","𠟃","12","𠟆","12","𠟇","12","𠟉","12","𠟊","12","𠟋","12","𠟌","11","𠟍","12","𠟎","12","𠟏","12","𠟑","12","𠟒","12","𠟓","13","𠟕","12","𠟖","12","𠟗","11","𠟘","12","𠟙","12","𠟚","12","𠟛","12","𠟜","12","𠟝","11","𠟞","12","𠟟","12","𠟠","12","𠟡","12","𠟢","12","𠟣","12","𠟤","12","𠟥","12","𠟦","13","𠟧","13","𠟨","13","𠟩","13","𠟪","13","𠟭","12","𠟲","13","𠟶","13","𠟷","13","𠟸","13","𠟺","14","𠟻","14","𠟽","13","𠠀","14","𠠂","14","𠠃","14","𠠅","14","𠠆","14","𠠇","13","𠠈","13","𠠉","14","𠠍","15","𠠎","14","𠠏","14","𠠑","13","𠠒","15","𠠕","14","𠠖","15","𠠗","15","𠠘","15","𠠙","15","𠠚","15","𠠛","16","𠠜","16","𠠝","16","𠠞","15","𠠟","13","𠠡","17","𠠣","17","𠠨","18","𠠫","19","𠠬","19","𠠮","21","𠠯","22","𠠰","24","𠠱","24","𠮧","3","𠰙","6","𡌁","5","𡎗","10","𡙨","11","𡡸","13","𡥁","3","𡯇","3","𢆂","21","𢝗","7","𢞈","7","𢩬","4","𢴴","8","𢵏","13","𢷚","15","𣏀","4","𣔜","10","𣖊","11","𣤏","9","𣨸","11","𣬟","4","𣲈","5","𣴈","7","𣵃","9","𣸟","10","𣺤","11","𣾅","13","𤂄","15","𤉥","6","𤉩","6","𤋴","7","𤎁","9","𤎵","10","𤛜","13","𤳝","15","𥓑","11","𥟜","6","𥟻","11","𥤔","6","𥥎","8","𥦧","11","𥧂","12","𥨐","15","𦒕","10","𦓎","6","𦨉","6","𦭣","6","𦮓","7","𦰵","9","𦱝","9","𦱰","9","𦳲","10","𦴟","10","𧁄","16","𧌥","12","𧍼","13","𧎈","13","𧏇","7","𧛵","7","𧺈","7","𧽄","14","𧿀","7","𨔭","10","𨦕","12","𨦿","13","𨧂","13","𨨬","6","𨪑","16","𩗦","14","𩘛","16","𩝖","7","𩹒","7"
"勹","2","㕼","3","㫄","2","㮄","6","䭇","8","僃","6","钧","5","𠊓","4","𠚠","16","𠣢","4","𠣧","5","𠣨","5","𠲾","3","𡉳","3","𡎧","3","𡎾","3","𡒧","7","𡕴","3","𡘱","4","𡝓","3","𡧂","3","𡯔","5","𡷃","3","𡷄","3","𢔚","5","𢕛","3","𢟡","7","𢣍","5","𢪣","3","𢮔","5","𢰄","3","𢱬","8","𢱳","3","𣁼","2","𣑈","4","𣖑","4","𣖣","4","𣡴","4","𣲢","3","𣶢","5","𤌝","5","𤏹","6","𤗒","6","𤗩","8","𤚂","4","𤛃","9","𤛟","7","𤢠","10","𤥘","4","𤫝","17","𤰈","4","𥂩","5","𥂿","3","𥅬","5","𥑪","5","𥓯","7","𥧗","5","𥪃","5","𥼓","10","𥾉","6","𦁯","10","𦃥","6","𦃫","6","𦍿","6","𦛳","6","𦛴","6","𦜶","8","𦣓","7","𦪤","12","𦫣","2","𦭪","3","𦮍","3","𦮱","3","𦱘","5","𦵳","3","𦷝","8","𦹣","3","𦿯","13","𦿼","3","𧃄","9","𧅹","11","𧦛","7","𧩂","9","𧲳","7","𨉫","7","𨡒","7","𨥸","8","𨹋","2","𨹐","2","𨺃","2","𩋺","9","𩍁","12","𩍔","9","𩏕","12","𩛀","8","𩜩","8","𩢛","10","𩤍","10","𩤐","12","𩨪","11"
"匚","2","㧟","6","㨤","3","㮜","4","惬","3","愜","3","柩","4","汇","3","滙","3","𠔄","2","𠥸","8","𡞡","3","𢃫","3","𢏉","3","𢐉","6","𢝎","3","𣕩","4","𣚼","4","𣝽","4","𣡛","4","𣳐","3","𣶕","3","𣾀","3","𤑅","2","𤖋","4","𤷾","5","𥓟","5","𥕇","5","𥺫","6","𦃶","6","𦃷","6","𦬀","3","𧂌","3","𨧇","8","𨨙","8","𨹟","2"
"厂","2","㡡","3","㬄","4","呖","3","坜","3","壥","3","屵","3","恹","3","枥","4","橱","4","櫉","4","沥","3","砺","5","粝","6","纒","6","","3","","9","𠀣","2","𠁖","7","𠉬","8","𠗇","2","𠞲","9","𠢐","8","𠨲","3","𠩃","5","𠩖","2","𠩺","9","𠭶","2","𠯸","3","𠰨","3","𠻒","3","𠼛","9","𠾇","3","𡀕","6","𡃫","6","𡅃","3","𡅔","9","𡅮","9","𡅴","9","𡅾","9","𡆉","9","𡉃","3","𡊘","3","𡍿","3","𡑬","3","𡙨","5","𡞼","3","𡠉","8","𡢩","3","𡣜","3","𡣧","3","𡷳","3","𡹻","3","𢅥","3","𢡷","10","𢣵","3","𢪜","3","𢪦","3","𢫲","3","𢫳","3","𢭘","3","𢮉","3","𢸊","3","𣀗","8","𣁿","4","𣇗","4","𣊥","4","𣒟","4","𣒽","4","𣗡","8","𣠨","8","𣯛","8","𣯷","9","𣱔","11","𣸼","3","𣺶","8","𤁄","3","𤁋","3","𤄊","3","𤉺","2","𤊣","6","𤎗","3","𤏀","10","𤚓","8","𤚿","4","𤛆","8","𤜏","4","𥎼","4","𥏂","4","𥑉","5","𥑣","5","𥕠","5","𥖷","7","𥗃","5","𥜩","12","𥝾","5","𥼅","8","𥼋","9","𦀍","6","𦅟","6","𦆡","6","𦇟","6","𦌞","6","𦟕","6","𦮈","3","𦯰","3","𦱯","3","𦱼","3","𦲘","4","𦲳","3","𦴓","3","𦷔","3","𦸻","5","𧋇","6","𧋚","4","𧓋","6","𧔹","6","𧙼","5","𧞝","5","𧠂","6","𧦠","7","𧩗","10","𧮜","13","𧸪","7","𨝟","9","𨣬","15","𨦄","8","𨪘","8","𨬜","8","𨬦","12","𩂒","8","𩆝","8","𩌛","9","𩛫","8","𩣄","10","𩥸","10","𪋙","16","𪒁","8"
"厓","8","䝽","7","啀","3","堐","3","娾","3","崕","3","崖","3","捱","3","涯","3","睚","5","𠊎","2","𢛄","3","𣔦","4","𤦐","4","𦁩","6","𦲒","3","𧍊","6","𧢏","4","𪘬","15"
"厶","2","㑓","2","㕕","2","㕖","4","㕗","9","㕘","4","㦯","4","㳒","6","㺨","4","㿝","5","䶑","24","么","1","云","2","亝","4","仏","2","公","2","勾","2","厸","2","厹","2","厺","3","去","3","厽","4","县","5","參","4","叄","4","叅","4","囜","3","圎","3","圗","3","垒","4","広","3","弘","3","悬","5","払","3","撡","7","斚","2","桳","4","梥","5","溬","10","畆","7","私","5","窓","5","羗","7","育","2","","3","𠆉","2","𠋃","4","𠐑","11","𠒊","3","𠔰","2","𠙃","2","𠙸","2","𠚦","2","𠛗","3","𠜸","4","𠞿","2","𠥘","4","𠩯","2","𠫓","1","𠫔","1","𠫕","1","𠫞","2","𠫢","4","𠫨","2","𠫫","4","𠫬","6","𠫯","4","𠫰","4","𠫱","6","𠫸","6","𠫹","2","𠫼","4","𠬀","2","𠬁","4","𠬂","2","𠬆","2","𠬋","2","𠬎","4","𠬐","4","𠬓","4","𠬔","4","𠬘","4","𠬟","2","𠯷","5","𠴧","7","𠸲","3","𠿆","3","𡈄","3","𡈇","3","𡈫","3","𡈱","3","𡉸","2","𡋠","3","𡎖","3","𡑐","7","𡓙","8","𡙺","9","𡜗","3","𡜫","3","𡟘","3","𡠎","10","𡠐","5","𡧵","5","𡪨","13","𡮚","3","𡮟","6","𡯆","3","𡻏","9","𡼶","7","𢊩","3","𢋭","15","𢌹","2","𢏓","3","𢏟","3","𢚜","3","𢡖","7","𢡘","10","𢤚","5","𢥁","14","𢨁","4","𢩍","4","𢮥","3","𣃐","14","𣇚","4","𣈠","4","𣉀","7","𣋧","6","𣌡","5","𣏇","5","𣓪","2","𣔊","4","𣕀","8","𣕏","7","𣕙","6","𣕛","6","𣢵","4","𣦯","16","𣪕","5","𣯺","4","𣰓","9","𣳵","7","𣸓","7","𣺴","7","𣼿","2","𣾯","7","𤀮","7","𤂡","15","𤅒","15","𤇖","4","𤏟","8","𤛤","8","𤡅","7","𤡙","7","𤢚","2","𤩨","8","𤭩","7","𤮖","2","𤯢","4","𤰜","5","𤰸","2","𤱊","2","𤲁","5","𤲛","4","𤳑","9","𤳒","9","𤸐","12","𤸾","9","𤺑","9","𤻰","18","𥁬","5","𥄜","5","𥏑","7","𥓗","9","𥔪","9","𥕃","9","𥕺","9","𥚪","5","𥜷","4","𥠎","12","𥠩","5","𥪣","5","𥫎","12","𥱆","11","𥹼","6","𥿵","6","𦅒","10","𦍯","9","𦏱","25","𦘯","4","𦟅","8","𦠨","10","𦢐","17","𦥀","6","𦩇","6","𦪜","10","𦯨","3","𦯩","5","𦲃","9","𦴅","5","𦴵","10","𦶖","7","𦸼","6","𦹿","7","𦼒","7","𧀉","10","𧀶","13","𧄭","11","𧈥","6","𧏩","14","𧑫","10","𧑵","16","𧫐","7","𧴵","2","𧵱","4","𧾋","11","𨋿","2","𨏛","11","𨏡","17","𨒴","7","𨗘","7","𨝤","2","𨠪","9","𨢄","14","𨢺","7","𨣔","11","𨥡","8","𨥣","2","𨬃","13","𨬨","14","𨲄","7","𨴌","8","𨴘","8","𨸻","5","𨹶","6","𨺮","2","𨿈","12","𩃃","10","𩅏","17","𩆹","8","𩍑","13","𩕞","4","𩚀","8","𩛬","15","𩝘","8","𩞶","13","𩞼","12","𩟌","14","𩯑","14","𩰼","10","𩱥","7","𩹧","11","𩻦","15","𪄑","5","𪌥","15"
"厷","4","㢬","3","䆖","5","䡌","7","䧀","2","吰","3","宏","3","汯","3","竑","5","紘","6","纮","3","耾","6","肱","6","袨","5","谹","7","鈜","8","閎","8","闳","3","","2","𠆽","2","𠫤","2","𡉞","3","𡵓","3","𡵦","3","𢗞","3","𣾲","11","𤆠","4","𤣦","5","𤣾","4","𤵄","5","𥐪","5","𥒣","7","𥡋","11","𦁷","10","𦐌","6","𧈽","6","𧰯","7","𨡿","7","𨹠","5","𩉦","9","𩖢","9","𩷃","13"
"叕","8","䄌","4","䍳","6","䞵","7","䮕","10","啜","3","娺","3","惙","3","掇","3","棳","4","涰","3","畷","5","窡","5","綴","6","缀","3","腏","6","蝃","6","裰","5","諁","7","輟","7","辍","4","逫","3","醊","7","錣","8","餟","8","𠖎","2","𠟝","3","𠮒","11","𠼆","3","𠿡","5","𡂜","3","𡢷","8","𡨤","3","𡩿","3","𡪚","3","𡪧","3","𣇽","4","𥏞","5","𥟒","5","𥫕","17","𦆌","8","𦋖","6","𦔢","6","𧚰","6","𧣸","7","𨺝","2","𩈽","9","𩋁","9","𩑇","15","𩟫","8","𩩟","9","𩸯","11"
"叚","9","㗇","3","䪗","9","假","2","嘏","5","婽","3","徦","3","暇","4","椵","4","溊","3","煆","4","犌","4","猳","3","瑕","4","瘕","5","睱","5","碬","5","縀","6","腵","6","葭","3","蝦","6","豭","7","貑","7","赮","7","遐","3","鍜","8","霞","8","騢","10","鰕","11","麚","11","𠪅","2","𡺁","3","𢝄","3","𢱈","3","𤗜","4","𦌨","6","𦖲","6","𦣯","6","𧪕","7","𨉣","7","𨺽","2","𩋥","9","𩐀","4","𩩱","9","𪕰","13","𪖲","14"
"号","5","㞻","3","呺","3","枵","4","𠳯","5","𠸮","7","𡩸","8","𢪶","3","𤝐","3","𤩩","4","𥍣","5","𦚊","4","𧦢","7","𨪒","13","𨱭","7","𩖸","9","𩨴","9"
"咅","8","㖣","3","㟝","3","㥉","3","㾦","5","䋨","6","䍌","6","䎧","6","䏽","6","䞳","7","䦣","8","䬏","9","䯽","10","䴺","11","倍","2","培","3","婄","3","掊","3","棓","4","殕","4","毰","4","涪","3","焙","4","犃","4","琣","4","碚","5","稖","5","菩","3","賠","7","赔","4","醅","7","錇","8","锫","5","陪","2","鞛","9","餢","8","𠣭","2","𡃠","11","𡯳","3","𢒷","12","𢮏","4","𣾾","7","𤗏","4","𦩜","6","𦺎","7","𦺑","3","𧷯","10","𧽴","10","𩔻","3","𩸬","11"
"咢","9","㗁","3","㟧","3","㮙","4","偔","2","堮","3","崿","3","愕","3","湂","3","腭","6","萼","3","諤","7","谔","2","遌","3","鍔","8","锷","5","鰐","11","鳄","8","齶","15","𡈆","3","𡼰","6","𥈭","5","𥔲","5","𦉅","6","𦽺","3","𧍞","6","𨺨","2"
"咼","8","㢐","3","䯞","9","喎","3","堝","3","媧","3","楇","4","渦","3","煱","4","猧","3","瘑","5","碢","5","禍","4","窩","5","緺","6","腡","6","萵","3","蝸","6","諣","7","過","3","鍋","8","騧","10","𠊰","2","𠷏","3","𡐫","6","𡖿","6","𡥾","3","𡹬","3","𡺩","3","𢝸","3","𢰸","3","𣁘","4","𣄸","4","𣨱","4","𣨷","5","𤧗","4","𤬋","5","𥂡","2","𥈓","5","𥠁","5","𥨵","12","𥨸","11","𥩈","12","𧀁","8","𧤐","7","𧷴","2","𧼽","7","𨍋","7","𨵧","8","𩝄","8","𩮑","10","𩹢","11","𪃀","11","𪍌","11","𪎩","11","𪙃","15"
"喿","13","㩰","6","㿋","5","䆆","5","䵲","12","僺","2","噪","3","嬠","3","幧","3","懆","3","操","3","橾","4","澡","3","燥","4","璪","4","矂","5","繰","6","缲","3","臊","6","襙","5","譟","7","趮","7","鐰","8","髞","10","鱢","11","𢤁","2","𣋝","4","𣰕","4","𤒶","7","𤢖","3","𥖨","5","𥼾","6","𥽹","12","𦏛","6","𦗵","6","𦾈","3","𧒮","6","𧴜","7","𨽣","5","𩙈","9","𩙰","4","𩟎","8","𩯟","10","𪍽","11"
"囗","3","㢴","3","㴄","3","㴅","4","䧭","3","圗","7","廽","2","镴","8","鬛","10","","1","𠀮","3","𠀯","1","𠄰","2","𠅓","2","𠉢","2","𠌛","2","𠍚","8","𠎡","2","𠔋","2","𠖜","5","𠖦","5","𠠌","3","𠤪","11","𠤽","2","𠩌","2","𠩛","2","𠷝","3","𠼜","6","𠿥","3","𡇷","2","𡈇","5","𡍐","3","𡍗","6","𡍯","3","𡐑","5","𡐲","3","𡒏","6","𡔫","5","𡔶","3","𡟏","3","𡢆","6","𡣃","3","𡣊","8","𡫻","6","𡭆","3","𡲖","3","𡸋","3","𡹎","3","𡹏","3","𡻽","3","𡻾","3","𡽔","3","𢀇","3","𢀈","3","𢀉","3","𢇵","3","𢍩","4","𢐑","6","𢐽","10","𢑷","5","𢬻","3","𢰋","3","𢰕","6","𢺬","14","𣐏","4","𣑟","4","𣒪","4","𣕳","4","𣖈","2","𣞖","8","𣦗","4","𣱒","8","𣱜","4","𣲶","3","𣲷","3","𣴵","3","𣴺","3","𣶡","3","𣶦","3","𣹍","6","𣺀","3","𣽔","6","𤏯","7","𤠪","3","𤮔","3","𥃀","8","𥃂","2","𥃈","6","𥔆","5","𥔥","8","𥕇","10","𥛿","7","𥝁","3","𥠤","2","𥦬","7","𥹉","6","𦀄","6","𦀶","6","𦂮","6","𦈄","9","𦋶","5","𦏍","9","𦏚","10","𦛢","6","𦭁","3","𦭉","3","𦭤","3","𦯯","3","𦱵","3","𦳊","3","𦳬","3","𦴄","3","𦴗","3","𦴛","6","𦴠","3","𦵇","3","𦸖","9","𦸠","3","𦹌","3","𦼤","3","𧀇","3","𧆘","3","𧉫","6","𧊫","6","𧋡","6","𧏈","6","𧒞","6","𧔐","3","𧔱","6","𧕧","6","𧬴","7","𧹇","13","𨉽","7","𨕚","3","𨝣","4","𨞉","3","𨶾","11","𩆒","17","𩙊","9","𩟍","8","𩡥","15","𩬼","10","𪊼","11"
"囟","6","㡙","3","㭡","4","㮰","4","䛜","7","傻","2","媲","3","硇","5","磇","5","繌","6","膍","6","蓖","3","螕","6","貔","7","鎞","8","","3","𠈈","2","𠱖","3","𠴺","3","𠹇","3","𠻦","3","𡂇","6","𡜧","3","𡲮","3","𡶯","3","𡼇","3","𡿺","3","𢞗","3","𢠧","3","𢡔","6","𢫥","3","𢱧","3","𣙺","4","𣟮","9","𣳦","3","𣹮","3","𣼺","3","𤎑","4","𤚪","4","𤜏","12","𤠞","3","𤦑","4","𥊙","5","𥿳","6","𦃋","6","𦃞","6","𦔕","6","𦟣","4","𦦒","6","𦦷","6","𦶰","3","𧏀","6","𧏩","6","𧪫","7","𧪳","7","𧫝","7","𧮏","13","𧳄","7","𧳴","7","𨉮","7","𨑋","4","𨟋","6","𨩬","8","𨻀","2","𩘙","9","𩤖","10","𩪅","9","𩹻","11","𪍜","11","𪙋","15"
"圂","10","㥵","3","㨡","3","㮯","4","溷","3","𢒤","3","𤹁","5","𦞢","6","𦵣","3","𨍲","7"
"堇","11","㨷","3","㹏","4","䌍","6","僅","2","厪","2","墐","3","嫤","3","廑","3","慬","3","槿","4","殣","4","漌","3","瑾","4","瘽","5","蓳","3","螼","6","謹","7","谨","2","饉","8","馑","3","騹","10","𠻨","3","𡂬","7","𣾑","3","𥎊","5","𥡣","5","𧅻","3","𧫴","7","𩴗","9","𪙟","15"
"夌","8","㖫","3","㥄","3","㱥","4","䗀","6","䬋","9","䮚","10","倰","2","凌","2","堎","3","婈","3","崚","3","庱","3","掕","3","棱","4","淩","3","睖","5","碐","5","祾","4","稜","5","綾","6","绫","3","菱","3","裬","5","輘","7","錂","8","陵","2","鯪","11","鲮","8","𠦻","5","𡕮","5","𡹃","3","𢔁","3","𢩑","4","𣇾","4","𣥻","4","𤊥","4","𤦫","4","𤲪","5","𤷖","5","𥺙","6","𦝄","4","𦡟","9","𧤁","7","𧼔","7","𨉞","7","𨱋","5","𩜁","8","𩟒","13","𩩡","9","𪘵","15"
"复","9","㙏","3","㬼","6","䧗","2","䪖","9","䮡","10","復","3","愎","3","椱","4","稪","5","緮","6","腹","6","蝮","6","複","5","輹","7","鍑","8","馥","9","鰒","11","鳆","8","𠣴","2","𡞪","3","𣦇","4","𣸪","3","𤋟","4","𤟱","3","𤳺","12","𤸑","5","𥦸","5","𥪚","5","𦂊","6","𦎭","6","𦩟","6","𧼱","7","𩋟","9","𩜲","8","𪐒","16"
"夬","4","㭈","4","㹟","3","䀗","5","䆕","5","䊽","6","䏐","6","䦑","8","䦼","2","䫼","9","决","2","吷","3","块","3","妜","3","快","3","抉","3","決","3","炔","4","玦","4","疦","5","砄","5","缺","6","芵","3","蚗","6","袂","5","觖","7","訣","7","诀","2","赽","7","鈌","8","駃","10","鴃","11","𡘢","6","𡘱","6","𡙇","8","𡙖","8","𡥹","8","𢁪","3","𢎹","3","𢯵","8","𢾔","9","𣅡","4","𣧎","4","𤰮","5","𤱉","5","𤱾","8","𥁍","5","𥆸","8","𥝭","5","𦐍","6","𦑗","10","𦛇","2","𦤕","10","𧑦","14","𧖫","6","𧩍","11","𨑣","3","𩂃","8","𩍯","19","𩍷","11","𩚟","8","𪌊","11"
"夲","5","㤒","3","曓","12","桳","6","皋","5","𠦪","5","𡹿","3","𢱭","8","𢳎","9","𢷎","12","𣉱","9","𣸽","6","𤎋","10","𦚄","4"
"宀","3","㛽","3","㩸","18","㬪","12","㺙","3","䥉","8","伫","2","傧","2","婶","3","嫔","3","摈","3","摉","3","槟","4","殡","4","氎","15","濅","3","濵","3","疉","15","纻","3","苎","3","谉","2","贮","4","辖","4","𠍌","2","𠐏","2","𠰡","3","𠷪","3","𠻕","3","𠽨","3","𠾰","3","𡃂","3","𡓛","7","𡕶","5","𡖢","6","𡖷","3","𡜷","3","𡝏","3","𡡮","3","𡣕","3","𡪀","7","𡬀","14","𢄆","6","𢉹","3","𢋲","11","𢟫","3","𢟭","3","𢠋","3","𢠡","3","𢯴","3","𢱱","3","𢲻","3","𢴀","3","𢸹","9","𢺦","3","𣃸","4","𣎙","9","𣘔","4","𣘕","4","𣙜","4","𣙣","4","𣠣","4","𣴩","3","𣵈","3","𣷅","3","𣹦","3","𣺑","3","𣼡","3","𣽹","3","𣾉","3","𣿟","3","𣿻","6","𣿾","5","𤀋","3","𤀿","3","𤃚","6","𤑧","4","𤚣","4","𤡗","3","𤢱","3","𤦓","4","𤪓","4","𤫖","4","𤴁","15","𥊁","5","𥋰","5","𥋺","5","𥖶","5","𥢃","5","𥩟","5","𦄎","6","𦄲","6","𦆥","6","𦆯","6","𦎩","6","𦗰","6","𦜸","6","𦤔","6","𦪁","6","𦯥","6","𦴕","3","𦴯","3","𦵤","3","𦶴","3","𦶺","3","𦷳","3","𦸅","3","𦸤","3","𦹎","3","𦹦","3","𦽛","3","𦽜","3","𦾖","3","𦾘","6","𦿜","3","𧎧","6","𧒠","6","𧒫","6","𧓍","6","𧛪","5","𧜮","5","𧟕","20","𧧼","7","𧫒","7","𧽔","7","𨉗","7","𨊎","7","𨌊","7","𨍤","7","𨍵","7","𨎜","7","𨒆","3","𨔎","3","𨕦","3","𨖄","3","𨗉","4","𨘄","3","𨢃","7","𨢠","7","𨨁","8","𨫂","8","𨬄","8","𨭋","8","𨮄","8","𨮘","8","𨰦","8","𨷚","8","𨹕","2","𩝒","8","𩝜","8","𩞜","8","𩟸","9","𩥥","10","𩦿","10","𩧻","3","𩩏","9","𩪯","9","𩭕","10","𩯔","10","𩯫","10","𩯭","10","𩼵","11","𪉼","11","𪌡","11","𪕎","13","𪘋","15","𪘫","15"
"寽","7","䮑","10","埒","3","浖","3","脟","6","蛶","6","酹","7","鋝","8","锊","5","𨪙","11"
"尞","12","㙩","3","㞠","3","䜍","7","䝤","7","䩍","9","䭜","8","僚","2","嘹","3","嫽","3","寮","3","嶚","3","嶛","3","憭","3","撩","3","暸","4","橑","4","潦","3","燎","4","爒","8","獠","3","璙","4","療","5","瞭","5","竂","5","繚","6","缭","3","膫","6","蟟","6","轑","7","遼","3","鐐","8","镣","5","镽","7","飉","9","𢄷","3","𣩢","4","𥕴","5","𥛰","4","𦪕","6","𦼔","3","𧄈","8","𧝜","5","𧰉","7","𧽽","7","𨣀","7","𩦚","10","𩪚","9","𩯊","10","𩴤","9","𩻻","11"
"尢","3","㞊","10","拋","3","𠛦","1","𡧞","3","𡰍","11","𡵈","3","𢰛","9","𤇉","4","𥪻","6","𦬍","3","𦳨","6","𧊑","6","𧗢","6","𧥩","7","𧩗","12"
"尨","7","㙙","3","㟌","3","㤶","3","㴳","6","䏵","6","䵨","12","厖","2","哤","3","娏","3","庬","3","浝","3","牻","4","狵","3","痝","5","硥","5","蛖","6","駹","10","𠈵","2","𡩽","7","𢅛","9","𢣝","10","𥆙","5","𧀔","10","𧱓","7","𧱦","8","𧳑","7","𩃄","8","𩧑","21","𩭒","10","𩷙","11","𪁒","11"
"巠","7","㹵","3","䀴","5","䞓","7","䪫","9","俓","2","娙","3","弳","3","徑","3","挳","3","桱","4","殌","4","氫","4","涇","3","烴","4","牼","4","痙","5","硜","5","經","6","羥","6","脛","6","莖","3","蛵","6","誙","7","輕","7","逕","3","鋞","8","陘","2","𠗊","2","𠲮","3","𡷨","3","𢙼","3","𣇁","4","𣫒","11","𥥻","5","𦈵","6","𧯬","7","𨠸","7","𩈡","9","𩣪","10","𩩋","9","𩭙","10","𩰹","10","𩳍","9","𩷏","11","𪊵","11","𪏅","12","𪕣","13"
"广","3","㚧","3","㲿","3","䅊","5","䧪","2","侂","2","圹","3","扩","3","旷","4","犷","3","矿","5","纩","3","缠","3","𠆲","2","𠉷","2","𠊒","2","𠌿","2","𠏛","2","𠷄","3","𠿾","3","𡂭","6","𡅝","9","𡊾","3","𡍔","3","𡏂","3","𡒅","3","𡒷","3","𡣀","2","𡣇","3","𡪼","3","𢃨","3","𢟴","3","𢳿","3","𣐼","4","𣖸","4","𣘋","4","𣙃","4","𣟜","8","𣠯","4","𣳝","3","𣳥","3","𣴔","3","𣴿","3","𣼀","3","𣾆","3","𣾩","3","𤆓","4","𤊭","4","𤑙","4","𤨫","4","𤩻","7","𤳲","8","𥊆","5","𥑈","5","𥜢","4","𥺨","6","𦆍","6","𦳅","3","𦶹","3","𦾰","3","𦿬","3","𧂶","3","𧈴","6","𧐚","6","𧐷","6","𧒐","6","𧧉","7","𧩅","7","𧩔","7","𧫨","7","𧫯","5","𧫰","7","𧫽","7","𧻧","7","𧽴","7","𨓀","3","𨓍","3","𨓩","3","𨕁","3","𨖓","3","𨪞","8","𨷭","8","𨸘","2","𩣴","10"
"弋","3","㚤","3","㢥","6","㢦","10","䄩","5","䘝","5","䞖","7","䣧","7","䴬","11","代","2","杙","4","浳","3","芅","3","貮","1","釴","8","骮","9","黓","12","𠌗","2","𠯅","3","𢇙","3","𢍼","1","𢍽","3","𢍿","4","𢎄","5","𢎊","6","𢎋","7","𢎐","1","𢎒","12","𢎓","13","𢎕","15","𢎖","18","𢓀","3","𢖺","3","𢩮","3","𣍑","15","𣧆","4","𤘚","4","𤴵","5","𥘒","4","𥾐","6","𦏵","6","𦨒","6","𧈺","6","𧴰","7","𨸽","2","𪎈","7"
"彑","3","㩸","21","㬪","15","互","1","氎","18","疉","18","𤴁","18","𥪬","5","𧟕","23","𧧼","10","𨌊","10","𩫚","10"
"彖","9","㑰","2","㥟","3","䂕","5","䛹","7","䞼","7","䤸","8","䧘","2","䱲","11","喙","3","堟","3","墬","2","掾","3","椽","4","橼","7","湪","3","猭","3","瑑","4","禒","4","緣","6","缘","3","腞","6","蒃","3","蝝","6","褖","5","餯","8","𠿔","3","𡟇","3","𡟼","3","𡩀","3","𢐄","3","𢞶","3","𣈬","4","𣨶","4","𤊺","4","𤸁","5","𥂻","5","𥂼","4","𦧫","6","𦪶","6","𧳩","7","𨔵","3","𨙅","11","𨣰","7","𩄖","8","𩌁","9","𩘐","9","𩫞","10"
"彡","3","㣉","3","㣊","3","㣋","5","㣌","5","㣍","5","㣏","9","㣐","9","㣑","11","㣒","12","㣓","13","䀐","5","䑣","6","䚲","7","修","7","参","5","尨","4","形","6","彣","4","彤","4","彨","7","彩","8","彪","8","彫","8","彭","9","彮","10","彯","11","彰","11","影","12","彲","19","杉","4","毝","4","羏","6","耏","6","肜","6","虨","14","衫","5","釤","8","钐","5","颩","9","髟","7","鬰","24","鬱","26","鬽","9","","4","","4","","2","","3","𠖝","6","𠝁","5","𠝦","5","𠩇","4","𠲲","7","𡆱","3","𡈖","11","𡈝","11","𡌒","4","𡕜","3","𡛆","4","𡛪","5","𡯎","3","𢁘","3","𢄮","8","𢌘","2","𢐅","9","𢒀","2","𢒁","2","𢒂","2","𢒄","3","𢒅","3","𢒆","3","𢒇","4","𢒈","4","𢒋","5","𢒌","5","𢒍","5","𢒎","6","𢒐","7","𢒑","7","𢒒","7","𢒓","7","𢒔","8","𢒖","8","𢒗","8","𢒘","7","𢒙","8","𢒚","8","𢒛","8","𢒜","8","𢒞","9","𢒟","9","𢒣","9","𢒮","12","𢒯","12","𢒱","13","𢒲","2","𢒳","11","𢒹","19","𢒺","19","𢒻","22","𢢋","12","𢦑","3","𢿬","9","𣁝","11","𣚤","11","𣰘","10","𣲀","3","𣸁","9","𣹊","9","𣼀","11","𤥍","7","𤥬","8","𤦯","10","𥂵","9","𥉨","5","𥘎","4","𥝞","5","𥟙","5","𥟟","5","𥡻","8","𥢣","14","𥪻","9","𦓘","12","𦘔","6","𦝸","6","𦤒","9","𦩦","12","𦳨","9","𦳳","9","𦷇","10","𦻄","12","𧀷","3","𧂓","7","𧆵","9","𧈎","17","𧊑","9","𧗁","6","𧡬","6","𧩒","7","𧻆","9","𨊨","7","𨎗","15","𨔥","9","𨡳","11","𨧗","12","𩁺","8","𩇕","8","𩑘","9","𩚎","8","𩚺","10","𩠷","7","𩣤","10","𩥷","10","𩩼","9","𩬬","7","𩮊","7","𩯢","7","𩯫","7","𪛑","4"
"彳","3","㞛","3","㞜","3","屐","3","屜","3","屦","3","屧","3","屨","3","屩","3","潃","3","縦","6","𠤇","2","𡀏","3","𡱣","3","𡱱","3","𡱹","3","𡱺","3","𡲁","3","𡲏","3","𡲕","3","𡲛","3","𡲟","3","𡲲","3","𡲾","3","𡳌","3","𡳐","3","𡳸","3","𣇭","4","𣈧","4","𣰓","4","𤺇","5","𥅇","5","𥉎","5","𥧽","5","𥨝","5","𥨡","5","𦂵","6","𦱿","3","𦵌","3","𦹟","3","𧄇","3","𧲓","7","𨑠","3","𨘳","3","𨤅","23","𨪯","8","𩄦","8","𩻥","11"
"忄","3","𡝒","3","𡽼","3","𢘈","3","𢘔","3","𢤴","8","𢳖","3","𣀪","8","𣘰","4","𤥊","4","𥖒","5","𥦋","5","𥦿","5","𥧴","5","𥧼","5","𥨰","5","𦜷","4","𧀘","3","𩃆","8","𩅫","8","𩆽","8"
"戹","5","㧖","3","呝","3","砨","5","豟","7","軶","7","阸","2","𡶃","3","𧉵","6","𩚬","8"
"扌","3","㳺","3","亵","6","逰","3","𠉝","2","𡆆","3","𢫇","3","𣨊","4","𣵱","3","𥦤","5","𦮾","3","𦯙","3","𦰂","3","𦰖","3","𦳻","6","𦻴","3","𦼾","3","𦽥","3","𦾙","3","𧌕","6","𧎴","6","𧑺","6","𧑻","6","𨓓","3","𨗅","3","𩃂","8","𩃑","8"
"攵","4","㡔","5","㢸","6","㩿","3","㪀","3","㪄","5","㪇","6","㪉","6","㪍","7","㪗","8","㪙","8","㪚","8","㪟","9","㪣","10","㪤","10","㪦","11","㬚","12","㮘","9","㯙","12","㲠","5","㳊","3","㴾","10","㷺","8","㹈","5","㿂","12","䋷","5","䍩","6","䒆","14","䚺","7","䜼","5","䰻","11","䱷","17","䲣","14","䵇","11","僌","9","呚","3","啟","7","坆","3","堥","5","婺","5","孜","3","嵍","5","幑","10","徴","10","徹","11","徾","13","愗","5","憗","8","撤","11","收","2","攷","2","改","3","攺","3","攻","3","攼","3","攽","4","放","4","政","5","敀","10","敂","5","敃","5","敄","5","故","5","敇","6","效","6","敉","6","敋","6","敌","6","敏","7","敐","7","救","7","敒","7","敓","7","敔","7","敕","7","敗","7","敘","7","教","7","敚","7","敛","7","敜","8","敝","8","敞","8","敟","8","敠","8","敦","8","敨","8","敩","8","敪","8","敬","9","敭","9","数","9","敱","10","敳","10","敵","11","敶","10","敷","11","數","11","敽","12","敾","12","敿","12","斁","13","斂","13","斆","16","暓","5","枚","4","楘","5","潃","6","澈","11","炇","4","牧","4","玫","4","畋","5","盩","8","盭","11","瞮","13","贁","14","败","4","赦","7","轍","15","辙","12","駇","10","騖","5","骛","5","鰴","18","黴","19","","5","","5","","4","𠄹","6","𠅨","8","𠈹","5","𠉿","6","𠊅","2","𠊮","7","𠊹","7","𠍢","7","𠑛","17","𠘜","13","𠝸","5","𠢅","6","𠢐","4","𠩺","5","𠪭","11","𠶂","7","𠷙","8","𠺛","6","𠼌","10","𠾀","11","𠾝","11","𡀏","12","𡑃","8","𡒋","10","𡓌","15","𡙋","8","𡛇","3","𡝒","6","𡟋","5","𡠉","4","𡡠","11","𡡵","11","𡢝","12","𡢩","12","𡥽","5","𡧸","3","𡨥","7","𡩓","3","𡫎","12","𡵲","3","𡸅","6","𡹀","7","𡼐","8","𡼦","11","𢅷","11","𢋮","15","𢌦","6","𢍗","4","𢍛","5","𢎿","3","𢐍","9","𢓹","6","𢕣","10","𢕲","11","𢕿","12","𢖄","12","𢖉","13","𢖜","15","𢖢","16","𢗡","3","𢚐","3","𢜕","4","𢝽","8","𢞾","6","𢟭","10","𢠜","7","𢡑","8","𢡷","6","𢢡","9","𢣈","12","𢣮","10","𢥲","16","𢪛","3","𢯧","7","𢶗","9","𢻬","3","𢻮","3","𢻱","3","𢻹","4","𢻺","4","𢼁","4","𢼂","4","𢼃","4","𢼄","4","𢼅","4","𢼆","5","𢼇","4","𢼈","4","𢼉","5","𢼊","5","𢼑","4","𢼓","5","𢼔","5","𢼕","5","𢼗","5","𢼙","5","𢼚","5","𢼜","6","𢼡","6","𢼥","6","𢼫","6","𢼭","6","𢼮","6","𢼳","6","𢼴","6","𢼵","6","𢼶","6","𢼷","6","𢽈","7","𢽉","7","𢽊","7","𢽌","7","𢽍","7","𢽎","7","𢽏","7","𢽐","7","𢽑","7","𢽒","7","𢽓","7","𢽔","6","𢽗","7","𢽘","7","𢽙","7","𢽛","8","𢽟","8","𢽡","8","𢽬","8","𢽮","8","𢽰","8","𢽱","8","𢽲","8","𢽳","8","𢽴","8","𢽵","8","𢽶","8","𢽷","7","𢽸","8","𢽹","8","𢽺","8","𢽻","8","𢽼","8","𢽽","8","𢾄","9","𢾅","9","𢾉","9","𢾕","9","𢾗","9","𢾚","9","𢾛","9","𢾜","9","𢾝","9","𢾞","9","𢾟","9","𢾡","9","𢾣","7","𢾤","9","𢾭","10","𢾳","9","𢾷","10","𢾺","10","𢾼","10","𢿃","10","𢿄","5","𢿋","6","𢿐","11","𢿖","11","𢿗","11","𢿙","11","𢿛","11","𢿜","11","𢿬","12","𢿯","11","𢿲","12","𢿴","12","𢿵","12","𢿻","12","𢿼","12","𢿽","12","𣀅","12","𣀆","13","𣀈","13","𣀉","13","𣀊","13","𣀌","13","𣀐","14","𣀗","4","𣀘","14","𣀠","15","𣀡","15","𣀢","15","𣀩","16","𣀬","16","𣀱","17","𣀳","18","𣀹","19","𣀼","21","𣀿","26","𣁋","6","𣇻","4","𣊽","9","𣓰","4","𣕌","9","𣗣","10","𣡁","19","𣦔","7","𣬲","4","𣮖","4","𣯛","4","𣰓","13","𣴗","3","𣵑","6","𣶌","7","𣷜","8","𣸗","5","𣺨","3","𣺶","4","𣻊","7","𣿊","12","𣿗","12","𣿥","8","𤁁","9","𤃏","10","𤉧","8","𤉺","8","𤋄","5","𤋈","5","𤍗","11","𤎦","8","𤏆","8","𤏺","9","𤐳","10","𤕢","4","𤛆","4","𤟸","8","𤠦","9","𤡄","10","𤡏","10","𤡳","11","𤢉","11","𤢋","7","𤢝","9","𤥬","4","𤨉","10","𤪖","14","𤯛","5","𤼲","8","𥂚","7","𥎟","5","𥎪","5","𥓺","5","𥘦","4","𥜄","9","𥠛","10","𥠪","5","𥦲","9","𥦵","9","𥨂","12","𥨄","12","𥹛","2","𥼅","4","𥼋","5","𦁘","4","𦂇","12","𦅄","14","𦆮","16","𦇕","18","𦋷","11","𦌙","13","𦎦","5","𦑸","6","𦔞","14","𦗷","9","𦞀","11","𦞬","12","𦞺","12","𦠣","12","𦪰","9","𦱿","7","𦵌","8","𦵪","9","𦸦","10","𦽠","12","𦽺","12","𦿎","13","𧈓","17","𧋮","6","𧎄","11","𧏅","6","𧒥","9","𧘶","5","𧜌","6","𧠂","15","𧢠","18","𧩥","5","𧪤","13","𧭁","9","𧸞","9","𧸟","9","𨂣","5","𨈡","7","𨊴","7","𨍎","5","𨏣","18","𨖟","10","𨗯","12","𨝟","5","𨝩","7","𨟮","17","𨡭","5","𨤲","4","𨩺","13","𨪣","6","𨯍","10","𨰩","16","𨱝","7","𨲬","12","𨲶","16","𨸩","2","𨻮","9","𩀼","16","𩃂","11","𩄿","15","𩅓","15","𩅤","16","𩅬","13","𩉩","9","𩐇","4","𩝕","5","𩠩","13","𩤝","15","𩭾","15","𩷢","3","𩺇","17","𩺕","17","𩻇","7","𩻯","8","𩼡","9","𪈶","26","𪌑","11","𪍓","5","𪍘","16","𪍾","9","𪐫","12","𪑛","16","𪑢","4","𪓶","5","𪓾","9","𪖖","14","𪘯","4","𪘻","5","𪚐","4"
"敄","9","䓮","3","霚","8"
"斿","9","䑻","6","游","3","蝣","6","遊","3","𢝡","3","𢰧","3","𤦽","4","𦳧","3","𩘓","9","𩹊","11"
"昝","9","偺","2","喒","3","揝","3","糌","6","𣌿","4","𣸄","3"
"枼","9","㻡","4","䁋","5","䐑","6","䑜","6","䚢","7","䢡","3","䭎","8","䮜","10","偞","2","喋","3","堞","3","媟","3","屟","3","屧","6","幉","3","弽","3","惵","3","揲","3","楪","4","殜","4","渫","3","煠","4","牃","4","牒","4","碟","5","緤","6","艓","6","葉","3","蝶","6","褋","5","諜","7","谍","2","鍱","8","鞢","9","韘","9","鰈","11","鲽","8","𠗨","2","𡳙","6","𡺑","3","𢶳","7","𣈽","4","𣓪","4","𣖦","4","𥏭","5","𥠓","5","𥻈","6","𦉃","6","𦼶","7","𧃹","10","𧄠","12","𧽅","7","𨍕","7","𨤘","7","𨵳","8","𩄓","8","𩐱","9","𩘏","9","𪍐","11","𪑧","12"
"欮","10","厥","2","瘚","5","闕","8","阙","3","𣖬","4"
"气","4","㐹","2","䏗","6","忾","3","汽","3","芞","3","靔","8","饩","3","𣅠","4","𣏙","4","𣒻","4","𣱡","6","𤴸","5","𤽍","5","𥙰","4","𥝬","5","𥤶","5","𨕀","3","𨗵","3","𩛹","8","𪌇","11"
"氵","3","㧟","3","㵷","7","䨙","8","䨰","8","薓","3","衍","6","𠈹","2","𠥴","2","𠽇","3","𡐘","3","𡐵","3","𡩻","3","𡫏","3","𡱤","3","𡻶","3","𡾁","3","𣕝","4","𣙄","4","𤤾","4","𥞟","5","𥧲","5","𦑸","3","𦮟","3","𦯫","3","𦱈","3","𦲍","3","𦳸","3","𦴝","3","𦴵","3","𦴷","3","𦶒","3","𦶡","3","𦶶","3","𦸪","3","𦸼","3","𦺁","3","𦺇","3","𦺌","3","𦻂","3","𦻄","3","𦻈","3","𦻭","3","𧀉","3","𧁄","3","𧁑","3","𧁛","3","𧃉","3","𧃡","3","𧃾","3","𧄢","3","𨩾","8","𨶖","8","𨷉","8","𩃍","8","𩃰","8","𩄼","8","𩅕","8","𩆀","8","𩆍","8"
"灬","4","㶨","4","㶵","6","㶻","7","㷊","8","㷛","9","㷦","10","㷶","12","㸐","19","勲","11","喣","8","杰","4","槱","11","濹","10","炁","4","炰","5","点","5","烈","6","烋","6","烝","6","热","6","烹","7","焄","7","焎","7","焏","7","焣","8","焦","8","煎","9","煕","10","煦","9","照","9","煭","9","煮","8","熈","10","熊","10","熟","11","熬","10","熱","11","熹","12","燞","12","燾","14","爢","19","稥","5","纒","15","缹","6","麃","11","黙","11","","2","","6","","4","𠆐","12","𠌎","8","𠍪","9","𠞎","6","𠟛","8","𠠆","10","𡇫","6","𡇺","7","𡖋","3","𡚔","13","𡤁","15","𢇁","6","𢉍","7","𢉐","7","𢯁","7","𢺱","23","𣗇","10","𣗮","10","𣜃","13","𣷇","7","𣽙","11","𣾤","11","𣿶","12","𤆐","3","𤆒","3","𤆔","3","𤆕","3","𤆗","3","𤆪","4","𤆫","4","𤆬","4","𤇍","5","𤇏","5","𤇐","5","𤇓","5","𤇕","5","𤇘","5","𤇠","5","𤇡","5","𤇸","6","𤈀","6","𤈅","6","𤈉","6","𤈌","6","𤈔","6","𤈕","6","𤈖","6","𤈿","7","𤉂","7","𤉄","7","𤉉","7","𤉋","8","𤉏","7","𤉠","7","𤉥","8","𤉩","8","𤉽","8","𤉿","8","𤊁","8","𤊅","8","𤊌","8","𤊑","8","𤊯","8","𤋁","9","𤋃","9","𤋇","9","𤋈","9","𤋌","9","𤋐","9","𤋒","9","𤋕","9","𤋞","9","𤋣","9","𤋤","9","𤋥","9","𤋦","9","𤋧","9","𤋮","9","𤋰","9","𤋱","9","𤌈","10","𤌉","10","𤌊","10","𤌔","10","𤌝","10","𤌞","10","𤌩","10","𤍁","10","𤍂","10","𤍋","10","𤍟","11","𤍠","11","𤍥","11","𤍫","11","𤍰","12","𤍱","11","𤍳","11","𤍹","11","𤎂","11","𤎗","10","𤎘","11","𤎝","12","𤎦","12","𤎰","12","𤎴","12","𤎹","12","𤎿","12","𤏁","12","𤏂","12","𤏄","12","𤏅","12","𤏇","12","𤏊","13","𤏤","12","𤏩","12","𤏹","13","𤏺","13","𤐂","13","𤐅","13","𤐍","13","𤐳","14","𤐸","14","𤐿","14","𤑄","14","𤑅","14","𤑊","14","𤑌","14","𤑏","13","𤑜","14","𤑩","15","𤒋","16","𤒏","16","𤒕","16","𤒵","17","𤒸","17","𤓐","19","𤓘","19","𤓜","21","𤓥","22","𤓬","24","𤺣","13","𥄧","5","𥈈","10","𥎢","19","𥔕","10","𥕃","11","𥜏","13","𥡤","12","𥡱","12","𥢦","13","𥤚","22","𥧳","12","𥨽","17","𥮿","10","𥶬","17","𥼙","14","𥼞","14","𦖹","11","𦜯","8","𦟙","13","𦱷","7","𦱻","7","𦵅","8","𦷆","6","𦷓","9","𦻹","11","𦼈","11","𧀙","13","𧁛","14","𧅐","18","𧆸","8","𧑳","14","𧤲","14","𧶨","11","𨚋","7","𨫨","15","𨬤","16","𨭟","17","𨼾","11","𩃯","12","𩇞","12","𩎂","21","𩎷","12","𩏦","17","𩏸","23","𩜡","12","𩡢","18","𩪪","18","𩯥","19","𪚰","17","𪛖","34"
"熏","14","䗼","6","䙧","5","嚑","3","壎","3","曛","4","櫄","4","燻","4","獯","3","矄","5","纁","6","臐","6","薫","3","薰","3","醺","7","鑂","8","𢣤","3","𢷠","3","𣊳","4","𣠍","7","𤪠","4","𦇟","8","𨷔","8","𩪱","9"
"爿","4","㝥","3","㝱","3","㝲","3","䆿","5","寎","3","寐","3","寢","3","寣","3","寤","3","寱","3","屫","3","窹","5","𡩩","3","𡩽","3","𡪁","3","𡪗","3","𡪘","3","𡪶","3","𡪷","3","𡫒","3","𡫔","3","𡫧","3","𡫺","3","𡫾","3","𡬄","3","𡬊","3","𡬋","3","𡬌","3","𡬍","3","𡬑","3","𡬒","3","𡬓","3","𡬖","3","𡬙","3","𡲆","3","𡲿","3","𢉎","3","𢪫","3","𥧃","5","𥧌","5","𥧍","5","𥨉","5","𥨊","5","𥨲","5","𥨷","5","𥩒","5","𦣜","16","𩃕","8","𩷅","11"
"牜","4","𡨣","2","𣆽","5","𣒤","4","𤘨","4","𥧷","5","𥨘","5"
"犭","3","䓄","3","𠍧","2","𢔷","3","𢔺","3","𢬺","3","𢼥","3","𣘉","4","𤄀","6","𤣘","10","𥒙","5","𥨦","5","𦛦","6","𦲡","3","𦲥","3","𦹫","3","𦽕","3","𦿷","3","𧃩","3","𧪴","7","𨖢","3","𨭈","8","𨴶","8","𩇥","11"
"猋","12","䁭","5","䔸","3","贆","7","飇","9","𡪱","3","𣽼","3","𦠎","6"
"甹","7","䀻","5","䛣","7","俜","2","娉","3","梬","4","涄","3","聘","6","騁","10","骋","3","𠁔","8","𠏬","9","𢓳","3","𢖊","10","𥪁","5","𥺒","6","𦀔","6","𦰝","3","𧚗","5","𧮹","7","𩩍","9"
"畺","13","㩖","3","㹔","4","䗵","6","䲔","11","僵","2","壃","3","彊","3","橿","4","殭","4","疅","5","礓","5","繮","6","缰","3","薑","3","韁","9","麠","11","𠘌","2","𤀌","3","𤐀","4","𧝿","5","𨊑","7","𨏃","7"
"畾","15","㙼","3","㩸","3","㵽","3","㿔","5","儡","2","攂","3","櫑","4","瓃","4","礧","5","藟","3","蠝","6","讄","7","轠","7","鑘","8","靁","8","鼺","13","𡚗","3","𡾊","3","𡾋","3","𣡟","4","𤃻","2","𤢹","3","𥣬","5","𦇄","6","𦈅","6","𦢏","6","𧞭","5","𧟕","5","𩴼","9"
"疌","8","㫸","4","䑖","6","䝊","7","倢","2","偼","2","啑","3","婕","3","媫","3","寁","3","崨","3","徢","3","捷","3","疀","8","睫","5","緁","6","脻","6","萐","3","蜨","6","誱","7","𠌿","5","𡹈","3","𢈻","3","𢏵","3","𢜀","3","𢳿","6","𣄂","4","𣓉","4","𣶏","3","𤙶","4","𤟃","3","𤲣","5","𤳲","11","𥊆","8","𥓐","5","𦑈","6","𦑯","6","𦦘","9","𦩌","6","𧚨","5","𧫰","10","𨓰","3","𨕽","9","𨤴","9","𨺇","2","𩃖","8","𩗳","9","𪖮","14"
"疒","5","𣈐","4","𦗽","6","𩺋","11"
"矞","12","䆷","5","䤎","7","䰬","9","僪","2","噊","3","憰","3","橘","4","潏","3","燏","4","獝","3","璚","4","瞲","5","繘","6","譎","7","谲","2","遹","3","鐍","8","霱","8","驈","10","鱊","11","𢵮","3","𣎛","4","𣰇","4","𥛯","4","𦒔","6","𦠈","4","𦺖","3","𧑐","6","𧝃","5","𧤾","7","𧷾","7","𧽻","7","𨗝","7","𩘻","9","𪊀","11"
"礻","4","𢵊","3","𧌞","6","𨦂","8","𩷋","11"
"禺","9","㥥","3","㬂","4","㷒","4","㻦","4","䚤","7","䦸","3","偶","2","喁","3","堣","3","媀","3","寓","3","嵎","3","庽","3","歶","6","湡","3","禑","4","耦","6","腢","6","萬","3","遇","3","鍝","8","隅","2","髃","9","鰅","11","齵","15","𠾧","6","𡺥","3","𢢄","6","𢥶","3","𣈦","4","𣕃","4","𣜔","8","𣜢","8","𣮨","4","𤟹","3","𤢚","4","𤲳","5","𤸒","5","𥈬","5","𥐂","8","𥔘","5","𥜿","3","𥝃","5","𥝉","9","𥧆","5","𥧼","8","𥻑","6","𦂕","6","𦦷","12","𧍪","6","𧪓","7","𩤛","10","𩮐","10","𪈀","6"
"粦","12","䗲","6","䚬","7","䫰","9","僯","2","噒","3","嫾","3","嶙","3","憐","3","撛","3","暽","4","橉","4","潾","3","燐","4","獜","3","璘","4","疄","5","瞵","5","磷","5","繗","6","膦","6","轔","7","辚","4","遴","3","鏻","8","隣","2","驎","10","鱗","11","鳞","8","麟","11","𡑝","3","𡳞","3","𡼵","3","𡿑","10","𢕸","3","𤒑","7","𤗷","4","𥛷","4","𥼭","6","𦗲","6","𦨆","14","𦺸","3","𧰢","13","𧲂","7","𧸍","7","𨊌","7","𩞻","8","𩴠","9","𪍴","11"
"粲","13","儏","2","澯","3","燦","4","璨","4","薒","3","𡦞","3","𢷂","3","𥢽","5","𥽆","6","𦪫","6","𧒷","6","𨮏","8","𩯞","10","𩼇","11"
"糹","6","㩪","3","䜌","13","轡","13","𠴄","3","𡁰","3","𡅀","12","𡓩","11","𡹱","3","𢥩","13","𢯜","3","𢽺","2","𣗭","4","𣠋","11","𣷕","3","𥆎","5","𦆕","13","𦇹","18","𦈄","22","𦋟","6","𦸖","3","𦸷","3","𦹴","3","𧁯","3","𧂩","3","𧅶","11","𨰙","14"
"翏","11","㬔","4","㺒","3","䚧","7","䢧","3","䰘","10","䵏","12","僇","2","嘐","3","嫪","3","寥","3","嵺","3","廖","3","憀","3","摎","3","樛","4","漻","3","熮","4","璆","4","疁","5","瘳","5","磟","5","穋","5","繆","6","缪","3","膠","6","蓼","3","蟉","6","謬","7","谬","2","豂","7","賿","7","轇","7","醪","7","鏐","8","镠","5","飂","9","髎","9","𠓂","6","𠗽","2","𡀒","5","𡳇","3","𡻪","3","𡽐","5","𢄪","3","𣟇","4","𣠼","12","𣩍","4","𤺼","5","𥃃","3","𥉾","5","𥧯","5","𦑬","3","𦗖","6","𨶪","8","𩌭","9","𩖇","5","𪅡","11","𪖷","14"
"耑","9","㙐","3","㟨","3","䝎","7","䵎","12","偳","2","喘","3","圌","3","媏","3","惴","3","揣","3","椯","4","湍","3","煓","4","猯","3","瑞","4","端","5","腨","6","褍","5","諯","7","貒","7","輲","7","遄","3","鍴","8","𣮼","4","𥔗","5","𥚻","4","𥠄","5","𥻁","6","𦓛","6","𦓝","7","𦓟","8","𦦇","6","𦵓","3","𧍒","6","𧔇","6","𧤗","7","𧶲","7","𧼴","7","𩜵","8","𩠊","3","𩤚","10","𪏩","12"
"臿","9","㛼","3","㞚","3","㢎","3","㮑","4","㴙","3","䅤","5","䙄","5","䛽","7","䮢","10","偛","2","喢","3","插","3","牐","4","鍤","8","锸","5","𠑆","10","𠽣","6","𡍪","3","𢔣","3","𢩖","4","𤊿","4","𥈊","5","𥓾","5","𦂉","6","𦑣","6","𦝥","6","𦦈","6","𦦱","11","𧶵","7","𧼰","7","𨔨","3","𩃹","8","𩝟","8","𪘾","15"
"艹","3","㨲","3","㩰","3","㫩","2","㮱","4","㴀","3","㴕","3","㵁","3","㷹","4","䦃","5","唠","3","宽","3","寛","3","崂","3","嵘","3","懑","3","捞","3","檧","4","満","3","满","3","燪","4","瞒","5","蝾","6","螨","6","蟏","6","賁","2","鑖","8","鼖","2","𠊃","2","𠌅","2","𠍑","2","𠍔","2","𠐪","2","𠑏","2","𠓅","6","𠣲","2","𠦪","2","𠮅","9","𠰖","3","𠰱","3","𠴑","3","𠶙","3","𠺈","3","𠻶","3","𡀌","3","𡁐","3","𡁣","3","𡃻","3","𡆜","3","𡈌","3","𡍙","3","𡐢","8","𡐽","3","𡑷","3","𡒹","3","𡜦","2","𡝄","3","𡡄","3","𡢫","3","𡢯","3","𡤄","3","𡦮","3","𡦯","16","𡳵","12","𡿚","3","𢆆","3","𢋒","3","𢐖","3","𢐳","3","𢠍","3","𢢮","3","𢣍","2","𢳌","3","𢴝","4","𢵖","3","𢶬","3","𢶭","3","𢶻","3","𢹕","3","𢺊","3","𢺍","3","𣋯","8","𣎙","6","𣒢","4","𣕸","4","𣗊","4","𣗦","4","𣙊","4","𣚋","4","𣚜","4","𣚥","4","𣝘","7","𣝰","4","𣝱","4","𣟀","7","𣟝","4","𣟞","4","𣠅","4","𣡀","4","𣩣","4","𣩷","4","𣩾","9","𣯣","4","𣴭","3","𣷎","3","𣷝","5","𣸃","3","𣸨","3","𣸽","3","𣸿","3","𣹀","3","𣺛","3","𣺜","3","𣼑","3","𣼒","3","𣽫","3","𣾖","3","𣾘","3","𣾛","3","𣾟","3","𣿯","3","𣿴","3","𣿻","3","𤀚","3","𤂋","3","𤂙","3","𤂣","3","𤃥","3","𤃿","3","𤄀","3","𤋔","6","𤍞","8","𤎻","4","𤐥","8","𤐰","4","𤒑","4","𤒶","4","𤒹","9","𤗥","6","𤛟","4","𤛻","4","𤠛","3","𤡞","3","𤢁","3","𤨷","4","𤾴","5","𤾼","5","𥈣","5","𥍜","5","𥒴","5","𥕩","5","𥕪","5","𥖈","5","𥗨","5","𥠸","5","𥢇","5","𦃝","6","𦆬","6","𦇋","6","𦗫","6","𦡐","6","𦢐","6","𦢘","6","𦧹","6","𦳖","3","𦳯","3","𦴇","3","𦴐","4","𦽙","3","𧃪","6","𧅊","3","𧅦","4","𧆾","6","𧈋","8","𧋞","6","𧌺","6","𧏥","6","𧓡","6","𧞤","5","𧨄","7","𧩃","7","𧬖","7","𧬝","7","𧭪","7","𧭽","7","𧮁","7","𧮉","7","𧲒","7","𧽹","7","𨍅","7","𨎽","7","𨏣","7","𨕇","3","𨕤","3","𨕷","3","𨗪","3","𨘎","3","𨘏","3","𨘦","3","𨙊","3","𨦵","8","𨨈","8","𨨉","8","𨨭","8","𨬘","8","𨯷","8","𨹯","2","𨼙","2","𨼜","2","𨼲","2","𨽣","2","𩇥","8","𩍁","9","𩎁","9","𩎐","9","𩏕","9","𩐷","11","𩘡","9","𩞴","10","𩞶","8","𩟌","8","𩥒","10","𩥸","12","𩪒","9","𩪫","9","𩵉","9","𩸌","11","𩹋","11","𩻧","11","𩼑","11","𩼚","11","𪈶","20","𪍋","11"
"菐","12","㹒","4","䑑","6","䗱","6","䧤","2","䪁","9","僕","2","噗","3","墣","3","幞","3","撲","3","樸","4","獛","3","璞","4","瞨","5","穙","5","襆","5","贌","7","轐","7","醭","7","鏷","8","镤","5","𠔯","2","𡡐","3","𢖃","4","𣊪","4","𣝢","4","𣾴","3","𤗵","4","𤾣","5","𥐁","5","𥼜","6","𦄾","6","𧴌","7","𩑀","9","𩪛","9","𩯏","10","𪋡","11","𪒢","12","𪖈","13"
"虒","10","㔸","2","㡗","3","㥴","3","㴲","3","㾷","5","䖙","8","䚦","7","䞾","7","䶵","17","傂","2","嗁","3","搋","3","榹","4","磃","5","禠","4","螔","6","褫","5","謕","7","遞","3","鷈","11","鼶","13","𠥸","10","𡏚","3","𢊀","3","𢐋","3","𤗢","4","𥉘","5","𥠱","5","𦃇","6","𧈛","12","𨪉","8","𨻆","2","𩀗","8","𩤽","10","𩺛","11"
"衤","5","𠖌","2","𡢜","3","𣿟","6","𦽛","6","𩆳","8"
"訁","7","𡃛","3","𡢮","3","𤢰","3","𦿫","3","𧬾","3"
"豊","13","䌡","6","䪆","9","䵄","11","僼","2","澧","3","禮","4","軆","7","醴","7","闦","8","霻","8","體","9","鱧","11","鳢","8","𠓍","7","𡫋","3","𡽍","3","𡾿","3","𢢪","3","𤣁","3","𤣖","3","𥎓","5","𥽈","6","𦡊","4","𧬹","7","𨼷","2","𪏨","12"
"豩","14","𧱶","3"
"豸","7","絼","6","𠉠","2","𢚵","3","𢭺","3","𢱹","3","𤉒","4","𤙪","4","𤞝","3","𥍪","5","𦎋","6","𦻿","3","𧀔","3","𧂀","3","𧋈","6","𧣭","7","𧼋","7","𨘷","3","𨙁","7"
"賏","14","𦉦","4"
"辶","3","䕂","3","挝","3","随","2","𠑞","2","𠴴","3","𠶆","3","𠸼","3","𡁂","3","𡂭","3","𡃱","3","𡐿","3","𡱦","3","𢹗","3","𣚢","4","𣝘","4","𣟀","4","𣸘","3","𣽑","3","𣾣","3","𣿔","3","𤀱","3","𤊂","4","𤐹","4","𤩻","4","𤸕","5","𥈚","5","𥕈","5","𥣔","5","𥣦","5","𥤍","5","𦆣","6","𦇭","6","𦇶","6","𦗻","6","𦳭","3","𦳺","3","𦷷","3","𦹇","3","𦹢","3","𧀕","5","𧭋","7","𨗉","1","𨗒","8","𨭫","8","𩄫","8","𩅆","8","𩍠","9","𩛓","8"
"镸","7","套","3","蕻","3","𤅤","3","𤡏","3","𤭖","4","𤹱","5","𦿃","3","𧀳","3","𧄂","3","𨲖","9"
"阝","2","䂙","5","䘏","6","䢳","2","䢴","3","䢵","4","䢶","4","䢷","4","䢸","5","䢹","4","䢺","5","䢻","6","䢼","6","䢾","6","䢿","6","䣀","6","䣁","6","䣂","6","䣄","7","䣅","7","䣆","7","䣇","7","䣊","8","䣋","8","䣌","8","䣍","8","䣎","8","䣏","8","䣐","8","䣑","9","䣒","9","䣓","10","䣕","10","䣗","10","䣘","11","䣙","11","䣚","11","䣛","11","䣜","11","䣝","11","䣞","12","䣟","12","䣠","12","䣡","13","䣢","14","䣣","20","䣤","20","祁","4","耶","6","荫","3","萨","3","邒","2","邓","2","邔","3","邖","3","邗","3","邘","3","邙","3","邚","3","邛","3","邜","3","邝","3","邞","4","邟","4","邠","4","邡","4","邢","4","邤","4","邥","4","邦","4","邧","4","邨","4","邩","4","邪","4","邬","4","邭","5","邮","5","邯","5","邰","5","邱","5","邲","5","邳","5","邴","5","邵","5","邶","5","邷","4","邸","5","邹","5","邺","5","邻","5","邼","6","邽","6","邾","6","邿","6","郀","6","郁","6","郂","6","郃","6","郅","6","郆","6","郇","6","郈","6","郉","6","郊","6","郋","6","郍","6","郏","6","郐","6","郑","6","郓","6","郔","6","郕","6","郖","7","郗","7","郘","7","郙","7","郚","7","郛","7","郜","7","郝","7","郟","7","郠","7","郡","7","郢","7","郣","7","郤","7","郥","7","郦","7","郧","7","部","8","郩","8","郪","8","郫","8","郬","8","郭","8","郮","8","郯","8","郰","8","郱","6","郲","8","郳","8","郴","8","郵","8","郸","8","郹","9","郼","9","都","8","郾","9","郿","9","鄀","8","鄁","9","鄂","9","鄃","9","鄄","9","鄅","9","鄆","9","鄇","9","鄈","9","鄋","9","鄌","10","鄍","10","鄎","10","鄏","10","鄐","10","鄑","10","鄒","10","鄓","10","鄔","10","鄕","10","鄖","10","鄗","10","鄘","11","鄙","11","鄚","10","鄛","11","鄜","11","鄝","11","鄞","11","鄟","11","鄠","11","鄡","11","鄢","11","鄣","11","鄤","11","鄥","11","鄦","12","鄧","12","鄩","12","鄪","12","鄫","12","鄬","9","鄭","12","鄮","12","鄯","12","鄰","12","鄱","12","鄲","12","鄳","13","鄴","13","鄵","13","鄶","13","鄷","13","鄸","13","鄹","14","鄺","14","鄻","15","鄼","15","鄽","15","鄾","15","鄿","15","酀","16","酁","17","酂","16","酃","17","酄","17","酅","18","酆","18","酇","19","酈","19","𠋇","8","𠴻","3","𠶴","3","𡟦","9","𡦣","3","𡺇","3","𡺰","3","𡺲","3","𢋽","17","𢌅","18","𢰓","9","𣃶","8","𣒒","8","𣓱","9","𣨳","10","𣬤","4","𣵺","3","𣹝","3","𣻩","11","𤀝","13","𤜡","3","𤥸","8","𤧡","10","𤧢","10","𤷸","10","𥦅","9","𥧫","12","𥸬","6","𥺡","6","𦰜","3","𦰢","7","𦳻","9","𦵮","3","𦶏","3","𦶽","3","𦹥","3","𦺼","3","𦼧","3","𦽆","3","𦽚","3","𦽵","3","𦾨","3","𦾩","3","𦿇","14","𧀕","3","𧁠","3","𧒣","3","𧬚","16","𨈕","7","𨉰","14","𨙩","2","𨙫","3","𨙬","3","𨙭","3","𨙮","3","𨙯","3","𨙰","3","𨙱","3","𨙳","3","𨙴","3","𨙵","3","𨙶","4","𨙷","4","𨙸","4","𨙹","4","𨙺","4","𨙻","4","𨙽","4","𨙿","4","𨚀","4","𨚁","4","𨚂","4","𨚅","4","𨚌","4","𨚍","4","𨚎","4","𨚏","4","𨚓","5","𨚔","5","𨚕","5","𨚖","6","𨚗","5","𨚘","5","𨚙","5","𨚛","5","𨚜","6","𨚝","5","𨚞","5","𨚟","5","𨚢","5","𨚣","5","𨚤","5","𨚥","5","𨚧","5","𨚨","5","𨚩","5","𨚪","5","𨚫","5","𨚮","5","𨚯","6","𨚰","6","𨚱","6","𨚲","6","𨚳","6","𨚴","6","𨚶","6","𨚷","6","𨚸","6","𨚹","6","𨛀","6","𨛁","6","𨛂","6","𨛅","6","𨛆","6","𨛇","6","𨛈","6","𨛉","6","𨛊","6","𨛋","7","𨛌","7","𨛍","7","𨛎","7","𨛏","7","𨛐","7","𨛑","7","𨛒","7","𨛓","7","𨛔","7","𨛕","7","𨛗","7","𨛘","7","𨛠","7","𨛡","7","𨛢","7","𨛣","7","𨛤","7","𨛥","7","𨛨","7","𨛩","7","𨛪","7","𨛭","8","𨛮","8","𨛯","8","𨛰","8","𨛱","8","𨛲","8","𨛳","8","𨛴","8","𨛵","8","𨛶","8","𨛺","8","𨛼","8","𨛽","8","𨜄","8","𨜅","8","𨜇","8","𨜈","8","𨜉","8","𨜋","8","𨜌","8","𨜍","8","𨜏","9","𨜐","9","𨜑","9","𨜒","9","𨜓","9","𨜔","9","𨜕","9","𨜖","9","𨜗","10","𨜘","9","𨜙","9","𨜛","9","𨜜","9","𨜟","9","𨜠","9","𨜡","9","𨜤","9","𨜦","9","𨜧","9","𨜨","9","𨜩","9","𨜪","9","𨜬","9","𨜭","9","𨜰","9","𨜱","9","𨜳","10","𨜴","10","𨜶","10","𨜷","10","𨜸","10","𨜺","10","𨜻","10","𨜼","10","𨜽","10","𨜾","10","𨜿","10","𨝀","9","𨝁","10","𨝂","10","𨝃","10","𨝄","10","𨝆","10","𨝈","10","𨝉","10","𨝋","11","𨝌","11","𨝎","11","𨝏","10","𨝐","11","𨝑","11","𨝒","10","𨝓","11","𨝗","11","𨝘","11","𨝙","11","𨝛","10","𨝜","10","𨝡","11","𨝢","11","𨝤","11","𨝥","10","𨝧","11","𨝨","11","𨝫","12","𨝭","12","𨝮","12","𨝯","12","𨝰","12","𨝱","12","𨝲","10","𨝳","13","𨝴","12","𨝵","12","𨝶","12","𨝷","12","𨝸","12","𨝹","11","𨝺","12","𨝻","12","𨝽","12","𨝾","12","𨝿","12","𨞂","11","𨞃","12","𨞆","12","𨞇","12","𨞈","12","𨞊","12","𨞎","12","𨞐","11","𨞒","13","𨞓","13","𨞕","13","𨞖","13","𨞗","13","𨞙","13","𨞚","13","𨞛","12","𨞝","13","𨞞","13","𨞟","13","𨞣","13","𨞧","14","𨞨","13","𨞩","14","𨞪","14","𨞫","13","𨞬","14","𨞭","14","𨞱","14","𨞳","14","𨞴","14","𨞶","14","𨞷","14","𨞹","14","𨞺","14","𨞻","15","𨞼","14","𨞽","15","𨞾","16","𨞿","15","𨟀","15","𨟂","14","𨟃","15","𨟅","15","𨟆","14","𨟇","15","𨟉","15","𨟊","15","𨟋","15","𨟎","15","𨟑","16","𨟒","15","𨟓","16","𨟕","16","𨟖","16","𨟗","12","𨟘","16","𨟙","17","𨟚","17","𨟜","17","𨟝","17","𨟟","17","𨟠","18","𨟡","17","𨟢","18","𨟤","19","𨟥","19","𨟨","20","𨟫","21","𨟯","24","𨟰","7","𨧯","8","𨸙","2","𨽛","14","𩜛","13","𩞶","11","𩣾","10","𩷿","11"
"隹","8","㑺","2","㕍","2","㗹","3","㝦","3","㢈","3","㨤","5","㩦","3","㫿","4","㮅","4","㲝","4","䊒","6","䔨","6","䧱","2","䧲","3","䧳","4","䧴","4","䧵","4","䧷","5","䧸","5","䧺","5","䧻","6","䧼","7","䧽","7","䧾","8","䧿","8","䨀","8","䨁","9","䨂","9","䨃","10","䨄","11","䨅","12","䨆","11","䨈","14","䨉","17","䱦","11","䶆","13","倠","2","傩","4","准","2","唯","3","堆","3","奞","3","婎","3","寉","3","崔","3","嵟","5","帷","3","惟","3","推","3","携","3","摊","5","暹","7","椎","4","淮","3","滙","5","焳","4","猚","3","琟","4","痽","5","睢","5","瞿","10","碓","5","稚","5","維","6","维","3","翟","6","脽","6","萑","3","蔺","6","蜼","6","誰","7","讎","15","谁","2","趡","7","進","3","醀","7","錐","8","锥","5","閵","8","陮","2","难","2","隿","3","雀","3","雂","4","雃","6","雄","4","雅","4","雇","4","雈","4","雉","5","雊","5","雌","6","雎","5","雏","5","雐","6","雑","6","雒","6","雓","7","雔","8","雕","8","雚","10","雛","10","雝","10","雞","10","雠","10","雡","11","離","10","雥","16","雦","16","霍","8","颧","9","騅","10","骓","3","魋","9","鵻","11","","3","𠥥","10","𡁫","3","𡂗","3","𡙿","3","𡚊","9","𡣯","6","𡹐","3","𡿾","3","𢌏","15","𢜐","4","𢟴","6","𣋿","8","𣙜","7","𣚳","8","𣛑","4","𣜁","10","𣡐","9","𣡻","21","𣨫","4","𤒂","12","𤕚","2","𤙵","4","𤫗","10","𤳬","5","𤽼","5","𥩏","5","𥽀","11","𦃶","8","𦉨","13","𦑏","6","𦩏","6","𦶏","5","𦻃","7","𧁪","3","𧂤","3","𧃄","11","𧃦","12","𧄡","9","𧆒","15","𧐃","6","𧑦","6","𧚮","5","𧣽","7","𧤪","7","𧥘","7","𧮓","16","𧳞","7","𧽭","10","𨌴","7","𨖫","6","𨗴","8","𨘝","9","𨘿","11","𨬺","8","𨮀","8","𨰁","17","𨲈","7","𨾅","2","𨾆","2","𨾇","2","𨾈","3","𨾉","3","𨾊","3","𨾋","3","𨾌","3","𨾍","3","𨾑","3","𨾒","4","𨾓","4","𨾔","4","𨾕","4","𨾖","5","𨾘","4","𨾙","4","𨾚","4","𨾛","4","𨾝","4","𨾟","4","𨾠","5","𨾡","5","𨾢","5","𨾣","5","𨾤","5","𨾥","5","𨾦","5","𨾧","5","𨾨","5","𨾩","5","𨾪","5","𨾬","5","𨾭","5","𨾯","5","𨾰","5","𨾱","5","𨾲","6","𨾴","6","𨾵","6","𨾶","6","𨾷","6","𨾸","6","𨾹","6","𨾺","6","𨾼","6","𨾽","6","𨾾","6","𨾿","6","𨿀","6","𨿂","6","𨿃","6","𨿅","6","𨿆","5","𨿋","7","𨿌","7","𨿍","7","𨿎","7","𨿏","7","𨿑","7","𨿒","7","𨿓","7","𨿔","7","𨿕","7","𨿖","7","𨿗","7","𨿙","7","𨿚","7","𨿜","7","𨿝","7","𨿟","7","𨿠","8","𨿡","8","𨿢","8","𨿣","8","𨿤","8","𨿥","8","𨿦","8","𨿧","8","𨿩","8","𨿪","8","𨿫","8","𨿬","8","𨿭","7","𨿮","8","𨿰","8","𨿱","8","𨿲","8","𨿴","8","𨿵","8","𨿶","8","𨿷","8","𨿹","8","𨿺","8","𨿻","8","𨿼","8","𨿾","8","𨿿","9","𩀀","9","𩀁","9","𩀂","9","𩀃","9","𩀄","9","𩀅","9","𩀆","9","𩀇","9","𩀈","9","𩀉","9","𩀊","9","𩀋","9","𩀌","9","𩀍","9","𩀎","9","𩀏","9","𩀐","9","𩀑","8","𩀒","9","𩀔","8","𩀕","9","𩀖","9","𩀛","10","𩀜","9","𩀞","10","𩀡","10","𩀢","11","𩀣","10","𩀤","11","𩀥","11","𩀦","11","𩀧","11","𩀩","11","𩀪","11","𩀫","11","𩀭","11","𩀮","11","𩀯","11","𩀰","11","𩀲","3","𩀴","12","𩀵","10","𩀶","11","𩀷","12","𩀸","12","𩀹","10","𩀺","12","𩀻","12","𩀼","8","𩀽","12","𩀾","12","𩀿","12","𩁀","12","𩁁","6","𩁂","12","𩁃","12","𩁄","12","𩁆","12","𩁇","13","𩁈","13","𩁉","13","𩁊","13","𩁋","13","𩁌","12","𩁍","13","𩁎","13","𩁏","13","𩁐","13","𩁑","13","𩁒","13","𩁓","14","𩁔","14","𩁕","13","𩁖","14","𩁙","14","𩁛","14","𩁜","15","𩁝","14","𩁞","14","𩁟","15","𩁠","15","𩁡","15","𩁤","15","𩁥","14","𩁨","16","𩁩","15","𩁬","17","𩁮","17","𩁯","18","𩉈","9","𩋘","9","𩏶","15","𩏸","15","𩕥","5","𩜑","8","𩥤","12","𩺫","11","𪈲","11","𪋇","11","𪍇","11","𪏌","12","𪘮","15"
"雚","17","㩲","3","䌯","6","䑏","6","䙮","5","䚭","7","䝔","7","䟒","7","嚾","3","壦","3","孉","3","巏","3","懽","3","權","4","灌","3","爟","4","獾","3","瓘","4","矔","5","礶","5","罐","6","虇","6","蠸","6","讙","7","貛","7","鑵","8","驩","10","鱹","11","𠤍","2","𡚜","3","𡰝","3","𡰞","3","𢑆","3","𣌓","4","𣡻","4","𤅞","3","𤜍","4","𤬠","5","𤮳","4","𤼐","5","𥐓","5","𥤊","5","𥤙","5","𨙕","3","𨽧","2","𩁧","6","𩪼","9","𩵄","9","𪈩","11"
"雩","11","㻬","4","嫮","3","嶀","3","摴","3","樗","4","謣","7","𠻢","3","𦉏","6","𨖜","3","𨬆","8"
"霝","17","䡼","7","櫺","4","蘦","3","醽","7","麢","11","𢹝","3","𤃩","3","𤅫","3","𤖥","4","𤣍","3","𤾻","5","𥌼","5","𥜧","4","𦉢","6","𦏪","6","𦫃","6","𧕅","6","𧲙","7","𧾮","7","𨯻","8","𨷰","8","𩰂","10","𩵁","9","𪋶","11"
"飠","8","㔲","2","𧈐","3","𩛥","3","𩟜","3"
"髟","10","𢹚","3","𧫄","7","𩮵","11"
"黽","13","䵴","12","䵶","5","䵷","6","䵸","9","䵹","11","僶","2","憴","3","澠","3","竈","8","繩","6","虌","14","蠅","6","譝","7","鱦","11","黿","4","鼀","5","鼁","5","鼂","5","鼃","6","鼄","6","鼅","8","鼆","10","鼇","10","鼈","11","鼊","13","𡢘","3","𡽑","3","𢥼","11","𣋋","4","𣎜","4","𥀨","5","𥋝","5","𥜐","4","𥨫","6","𥩋","10","𧕓","12","𧥕","13","𨭘","8","𪓑","1","𪓒","2","𪓓","2","𪓔","4","𪓖","4","𪓗","4","𪓘","4","𪓚","5","𪓛","5","𪓜","5","𪓟","5","𪓠","5","𪓡","6","𪓢","6","𪓦","6","𪓧","7","𪓩","7","𪓫","7","𪓬","8","𪓭","8","𪓮","9","𪓯","9","𪓰","9","𪓱","9","𪓲","9","𪓳","9","𪓵","9","𪓶","9","𪓷","10","𪓸","10","𪓹","11","𪓺","12","𪓼","13","𪓽","12","𪓾","13","𪓿","14"
